invoice_id,job_id,customer_id,segment,invoice_date,paid_date,amount
INV00001,J00001,C0234,Residential,2026-04-12,2026-04-21,3946.7
INV00002,J00002,C0229,Residential,2026-02-12,2026-02-14,206.53
INV00003,J00003,C0249,Residential,2026-05-23,2026-06-02,3492.22
INV00004,J00004,C0078,Property Management,2025-12-11,2026-01-17,4887.57
INV00005,J00005,C0032,Residential,2026-04-04,2026-04-16,90.51
INV00006,J00006,C0004,Commercial,2026-04-21,2026-04-21,212.5
INV00007,J00007,C0113,Residential,2026-04-02,2026-04-10,4728.44
INV00008,J00008,C0319,Residential,2025-09-23,,115.06
INV00009,J00009,C0094,Residential,2026-02-05,2026-02-09,206.15
INV00010,J00010,C0130,Commercial,2026-01-11,2026-01-26,4054.26
INV00011,J00011,C0387,Residential,2025-10-23,2025-11-03,3686.18
INV00012,J00012,C0112,Residential,2026-02-28,2026-03-15,6290.2
INV00013,J00013,C0056,Commercial,2025-08-28,2025-09-08,480.92
INV00014,J00014,C0354,Residential,2025-10-10,2025-10-10,8483.43
INV00015,J00015,C0273,Residential,2025-08-31,2025-09-12,465.51
INV00016,J00016,C0326,Commercial,2025-08-24,2025-08-29,205.8
INV00017,J00017,C0414,Commercial,2026-05-30,2026-06-01,4282.97
INV00018,J00018,C0143,Residential,2025-12-13,2025-12-20,8137.13
INV00019,J00019,C0094,Residential,2025-07-15,2025-07-30,111.57
INV00020,J00020,C0098,Property Management,2025-11-19,2026-01-16,387.96
INV00021,J00021,C0048,Residential,2026-03-09,2026-04-07,97.07
INV00022,J00022,C0382,Property Management,2026-04-10,2026-05-31,585.27
INV00023,J00023,C0381,Residential,2025-10-07,2025-10-08,575.1
INV00024,J00024,C0100,Residential,2026-04-28,2026-05-06,2599.87
INV00025,J00025,C0150,Residential,2025-07-24,2025-08-03,381.61
INV00026,J00026,C0175,Residential,2026-02-26,2026-03-20,88.83
INV00027,J00027,C0296,Residential,2026-01-22,2026-02-03,122.21
INV00028,J00028,C0392,Residential,2025-11-05,,5997.04
INV00029,J00029,C0220,Residential,2026-02-12,2026-02-17,2624.53
INV00030,J00030,C0339,Commercial,2025-10-15,2025-10-29,3654.65
INV00031,J00031,C0017,Residential,2026-06-18,2026-07-02,92.36
INV00032,J00032,C0059,Residential,2025-11-13,2025-11-23,6249.55
INV00033,J00033,C0384,Residential,2025-09-23,2025-09-28,4025.45
INV00034,J00034,C0277,Residential,2026-01-23,2026-02-05,3133.25
INV00035,J00035,C0118,Residential,2025-11-06,2025-11-18,1423.13
INV00036,J00036,C0241,Residential,2025-11-15,2025-11-16,585.02
INV00037,J00037,C0210,Residential,2025-08-16,2025-08-25,100.0
INV00038,J00038,C0019,Commercial,2025-11-25,2025-12-01,148.58
INV00039,J00039,C0237,Commercial,2026-03-21,2026-03-28,318.79
INV00040,J00040,C0068,Residential,2025-10-13,2025-10-13,4304.72
INV00041,J00041,C0160,Residential,2026-05-08,2026-05-19,6284.7
INV00042,J00042,C0256,Residential,2026-02-22,2026-03-04,9095.92
INV00043,J00043,C0283,Residential,2026-02-27,2026-03-10,4010.0
INV00044,J00044,C0175,Residential,2025-08-05,,4322.47
INV00045,J00045,C0229,Residential,2026-04-27,2026-05-03,115.39
INV00046,J00046,C0293,Commercial,2025-12-12,2025-12-25,5344.64
INV00047,J00047,C0254,Residential,2026-01-12,2026-01-29,215.39
INV00048,J00048,C0234,Residential,2026-02-11,,3592.09
INV00049,J00049,C0355,Property Management,2025-11-13,2026-01-04,478.24
INV00050,J00050,C0019,Commercial,2025-12-10,2025-12-13,121.31
INV00051,J00051,C0390,Property Management,2025-08-16,2025-10-31,172.02
INV00052,J00052,C0151,Residential,2025-07-24,2025-07-29,450.92
INV00053,J00053,C0041,Residential,2025-10-01,2025-10-12,496.94
INV00054,J00054,C0236,Commercial,2025-10-27,2025-11-05,94.15
INV00055,J00055,C0177,Residential,2025-09-19,2025-09-23,9425.91
INV00056,J00056,C0248,Residential,2025-12-02,2025-12-20,3797.26
INV00057,J00057,C0005,Property Management,2025-07-12,2025-09-13,163.14
INV00058,J00058,C0311,Commercial,2026-03-12,2026-03-22,3965.22
INV00059,J00059,C0322,Residential,2026-06-03,2026-06-14,516.1
INV00060,J00060,C0383,Residential,2025-08-16,2025-08-23,2921.86
INV00061,J00061,C0132,Property Management,2026-03-14,2026-05-06,4267.93
INV00062,J00062,C0073,Residential,2025-08-28,2025-09-02,131.56
INV00063,J00063,C0405,Residential,2026-04-12,2026-04-15,476.2
INV00064,J00064,C0056,Commercial,2025-11-12,2025-11-13,177.4
INV00065,J00065,C0326,Commercial,2026-05-09,2026-05-16,7813.59
INV00066,J00066,C0060,Residential,2025-07-20,2025-07-27,2062.42
INV00067,J00067,C0381,Residential,2026-06-22,2026-06-22,184.18
INV00068,J00068,C0112,Residential,2025-11-21,2025-11-30,927.8
INV00069,J00069,C0204,Residential,2026-05-27,2026-05-28,393.12
INV00070,J00070,C0403,Residential,2025-10-17,2025-10-27,816.13
INV00071,J00071,C0169,Residential,2026-04-27,,7536.46
INV00072,J00072,C0057,Residential,2025-09-05,2025-09-10,3584.86
INV00073,J00073,C0136,Property Management,2025-12-13,,362.55
INV00074,J00074,C0258,Residential,2026-03-20,2026-03-26,4829.3
INV00075,J00075,C0032,Residential,2025-12-02,2025-12-19,149.89
INV00076,J00076,C0165,Commercial,2026-02-13,2026-02-19,7149.78
INV00077,J00077,C0272,Residential,2025-12-14,2026-01-01,127.63
INV00078,J00078,C0232,Residential,2026-06-01,,8173.31
INV00079,J00079,C0341,Residential,2025-12-08,2025-12-08,122.39
INV00080,J00080,C0050,Property Management,2025-08-13,2025-11-04,7967.53
INV00081,J00081,C0211,Residential,2026-04-14,2026-04-14,447.52
INV00082,J00082,C0054,Residential,2025-11-25,,3360.38
INV00083,J00083,C0391,Property Management,2026-04-11,2026-05-15,395.0
INV00084,J00084,C0337,Residential,2026-05-15,2026-05-21,599.54
INV00085,J00085,C0290,Residential,2025-07-04,2025-07-18,521.82
INV00086,J00086,C0215,Residential,2026-03-29,2026-04-06,5740.42
INV00087,J00087,C0080,Residential,2026-05-02,2026-05-16,4444.46
INV00088,J00088,C0140,Residential,2026-03-06,2026-03-13,91.17
INV00089,J00089,C0342,Commercial,2026-04-30,2026-05-03,98.13
INV00090,J00090,C0149,Residential,2025-10-17,2025-10-31,350.62
INV00091,J00091,C0287,Residential,2026-06-26,2026-07-06,7866.78
INV00092,J00092,C0161,Residential,2025-07-10,2025-07-19,118.18
INV00093,J00093,C0411,Residential,2025-07-11,2025-07-12,863.33
INV00094,J00094,C0302,Commercial,2025-08-24,2025-08-28,5442.52
INV00095,J00095,C0325,Property Management,2025-09-25,,4184.16
INV00096,J00096,C0053,Property Management,2026-05-27,2026-07-06,256.15
INV00097,J00097,C0387,Residential,2025-09-29,,117.28
INV00098,J00098,C0078,Property Management,2026-05-16,2026-06-23,507.83
INV00099,J00099,C0237,Commercial,2025-12-28,2026-01-06,6211.48
INV00100,J00100,C0298,Property Management,2025-08-16,2025-10-27,161.62
INV00101,J00101,C0310,Residential,2026-05-30,2026-06-04,5863.52
INV00102,J00102,C0331,Residential,2025-12-23,2025-12-23,4535.35
INV00103,J00103,C0145,Residential,2025-09-20,2025-09-27,471.19
INV00104,J00104,C0049,Residential,2025-12-19,2026-01-04,6847.78
INV00105,J00105,C0042,Residential,2026-05-05,2026-05-14,483.02
INV00106,J00106,C0363,Residential,2026-01-17,2026-01-26,667.76
INV00107,J00107,C0261,Commercial,2026-06-09,2026-06-20,5670.97
INV00108,J00108,C0071,Commercial,2026-03-06,2026-03-12,4067.69
INV00109,J00109,C0393,Property Management,2026-03-27,,805.21
INV00110,J00110,C0211,Residential,2025-09-23,2025-09-23,102.32
INV00111,J00111,C0123,Residential,2026-02-15,2026-02-20,4933.02
INV00112,J00112,C0394,Residential,2026-04-19,2026-05-01,96.13
INV00113,J00113,C0027,Property Management,2026-05-06,2026-07-14,513.41
INV00114,J00114,C0391,Property Management,2025-09-02,,2232.84
INV00115,J00115,C0014,Residential,2025-10-22,2025-11-05,106.12
INV00116,J00116,C0051,Residential,2025-10-23,2025-11-14,1062.23
INV00117,J00117,C0230,Property Management,2026-06-22,2026-08-19,499.98
INV00118,J00118,C0398,Residential,2026-05-08,,126.74
INV00119,J00119,C0256,Residential,2026-02-20,,7080.43
INV00120,J00120,C0181,Commercial,2026-02-05,2026-02-12,371.58
INV00121,J00121,C0241,Residential,2026-03-27,2026-03-28,225.44
INV00122,J00122,C0377,Residential,2025-11-01,,8040.07
INV00123,J00123,C0324,Residential,2026-06-16,2026-06-25,88.67
INV00124,J00124,C0022,Residential,2025-10-12,2025-10-13,354.32
INV00125,J00125,C0183,Property Management,2026-05-28,2026-07-22,8027.98
INV00126,J00126,C0198,Residential,2026-02-09,2026-02-21,133.41
INV00127,J00127,C0041,Residential,2025-11-14,2025-11-19,6083.64
INV00128,J00128,C0229,Residential,2025-12-15,2025-12-26,3427.08
INV00129,J00129,C0328,Property Management,2025-12-28,2026-02-16,217.38
INV00130,J00130,C0074,Property Management,2026-06-13,2026-08-29,621.31
INV00131,J00131,C0197,Property Management,2026-05-27,2026-06-26,864.63
INV00132,J00132,C0071,Commercial,2026-02-13,2026-02-24,6676.76
INV00133,J00133,C0199,Property Management,2025-10-04,2025-12-14,143.52
INV00134,J00134,C0103,Residential,2026-05-10,2026-05-18,2131.12
INV00135,J00135,C0364,Property Management,2025-08-14,2025-10-25,245.46
INV00136,J00136,C0261,Commercial,2026-06-24,2026-07-07,296.61
INV00137,J00137,C0412,Property Management,2026-01-01,2026-02-27,888.11
INV00138,J00138,C0295,Residential,2026-03-03,2026-03-13,98.66
INV00139,J00139,C0328,Property Management,2025-12-24,2026-02-02,485.65
INV00140,J00140,C0085,Commercial,2025-09-02,2025-09-02,264.22
INV00141,J00141,C0101,Residential,2025-11-23,2025-12-05,7310.34
INV00142,J00142,C0298,Property Management,2026-03-15,,260.18
INV00143,J00143,C0042,Residential,2026-04-15,,319.04
INV00144,J00144,C0322,Residential,2026-05-24,2026-06-03,781.32
INV00145,J00145,C0081,Residential,2026-02-18,2026-03-05,6137.63
INV00146,J00146,C0067,Property Management,2025-12-11,2026-02-04,732.47
INV00147,J00147,C0050,Property Management,2026-02-16,2026-04-24,3483.39
INV00148,J00148,C0370,Property Management,2025-09-20,2025-12-04,418.9
INV00149,J00149,C0047,Property Management,2025-12-05,2025-12-25,145.89
INV00150,J00150,C0306,Residential,2025-07-26,2025-08-10,4182.32
INV00151,J00151,C0373,Property Management,2026-02-06,2026-03-31,370.2
INV00152,J00152,C0198,Residential,2026-01-02,2026-01-07,3161.49
INV00153,J00153,C0202,Property Management,2025-08-30,2025-10-28,374.06
INV00154,J00154,C0021,Residential,2026-05-05,2026-05-06,94.93
INV00155,J00155,C0314,Property Management,2026-05-07,2026-06-23,345.64
INV00156,J00156,C0154,Residential,2026-03-17,2026-03-18,110.62
INV00157,J00157,C0243,Residential,2025-12-05,2025-12-09,530.68
INV00158,J00158,C0323,Commercial,2026-03-03,2026-03-11,555.02
INV00159,J00159,C0010,Property Management,2026-04-20,2026-07-01,6146.23
INV00160,J00160,C0362,Commercial,2026-05-10,2026-05-22,85.36
INV00161,J00161,C0273,Residential,2025-12-08,2025-12-14,358.01
INV00162,J00162,C0248,Residential,2026-06-20,2026-06-22,2319.11
INV00163,J00163,C0354,Residential,2025-11-30,,3703.47
INV00164,J00164,C0294,Commercial,2025-11-18,2025-11-26,3626.88
INV00165,J00165,C0148,Residential,2025-09-13,2025-09-19,4379.35
INV00166,J00166,C0139,Residential,2025-10-18,2025-10-30,8424.93
INV00167,J00167,C0116,Residential,2025-11-02,2025-11-07,286.18
INV00168,J00168,C0335,Property Management,2025-07-03,2025-08-20,666.22
INV00169,J00169,C0394,Residential,2025-12-12,2025-12-27,2041.54
INV00170,J00170,C0019,Commercial,2025-09-28,2025-10-04,219.63
INV00171,J00171,C0153,Residential,2025-11-26,2025-12-06,314.78
INV00172,J00172,C0240,Residential,2026-03-10,2026-03-14,321.88
INV00173,J00173,C0405,Residential,2025-10-04,2025-10-15,570.11
INV00174,J00174,C0206,Residential,2026-02-04,2026-02-13,668.48
INV00175,J00175,C0229,Residential,2025-11-11,,187.74
INV00176,J00176,C0032,Residential,2026-05-31,2026-06-05,667.45
INV00177,J00177,C0328,Property Management,2026-06-26,2026-08-06,4273.55
INV00178,J00178,C0192,Commercial,2025-09-17,2025-09-21,106.19
INV00179,J00179,C0404,Property Management,2025-10-20,2025-12-16,3658.47
INV00180,J00180,C0275,Residential,2025-08-01,2025-08-18,4039.17
INV00181,J00181,C0262,Property Management,2026-04-25,2026-06-16,108.41
INV00182,J00182,C0371,Residential,2026-04-13,2026-04-28,76.63
INV00183,J00183,C0278,Commercial,2026-02-02,2026-02-17,895.89
INV00184,J00184,C0393,Property Management,2026-01-26,2026-04-09,513.59
INV00185,J00185,C0042,Residential,2026-02-15,2026-02-15,178.44
INV00186,J00186,C0066,Residential,2025-09-30,2025-10-16,184.35
INV00187,J00187,C0195,Residential,2026-06-10,2026-06-19,196.86
INV00188,J00188,C0315,Property Management,2025-08-27,2025-10-23,1255.75
INV00189,J00189,C0380,Residential,2026-05-03,2026-05-13,244.72
INV00190,J00190,C0164,Residential,2025-11-26,,6433.86
INV00191,J00191,C0154,Residential,2026-06-04,2026-06-21,4740.86
INV00192,J00192,C0254,Residential,2026-06-13,2026-06-18,95.14
INV00193,J00193,C0077,Residential,2026-06-22,2026-06-29,128.29
INV00194,J00194,C0030,Commercial,2026-06-28,2026-06-30,472.44
INV00195,J00195,C0231,Residential,2025-10-13,2025-10-25,792.99
INV00196,J00196,C0097,Commercial,2026-06-10,,957.69
INV00197,J00197,C0098,Property Management,2025-12-03,2026-01-28,470.98
INV00198,J00198,C0283,Residential,2025-10-13,2025-10-18,131.13
INV00199,J00199,C0051,Residential,2026-01-01,2026-01-14,135.21
INV00200,J00200,C0289,Residential,2025-12-08,2025-12-18,202.2
INV00201,J00201,C0101,Residential,2026-01-30,2026-02-10,2690.64
INV00202,J00202,C0391,Property Management,2026-06-16,2026-07-28,775.11
INV00203,J00203,C0369,Residential,2025-12-28,2026-01-09,464.2
INV00204,J00204,C0419,Property Management,2026-03-26,2026-05-05,1019.1
INV00205,J00205,C0234,Residential,2025-07-05,2025-07-20,5289.92
INV00206,J00206,C0273,Residential,2026-03-07,,223.51
INV00207,J00207,C0055,Residential,2026-06-23,2026-07-05,209.26
INV00208,J00208,C0041,Residential,2025-12-29,2026-01-07,2807.24
INV00209,J00209,C0048,Residential,2026-06-16,2026-07-01,5931.67
INV00210,J00210,C0331,Residential,2025-08-12,2025-08-14,133.83
INV00211,J00211,C0355,Property Management,2025-07-22,2025-08-31,8170.3
INV00212,J00212,C0162,Property Management,2026-04-05,2026-06-13,147.58
INV00213,J00213,C0124,Residential,2025-12-01,2025-12-09,474.68
INV00214,J00214,C0382,Property Management,2025-09-10,2025-10-16,9345.94
INV00215,J00215,C0016,Residential,2026-05-11,2026-05-19,172.07
INV00216,J00216,C0349,Residential,2026-01-09,2026-01-29,165.75
INV00217,J00217,C0079,Residential,2025-08-07,2025-08-21,5780.0
INV00218,J00218,C0228,Residential,2025-08-16,2025-08-27,351.9
INV00219,J00219,C0046,Commercial,2026-01-25,2026-02-04,5623.49
INV00220,J00220,C0399,Property Management,2025-11-27,2026-01-11,100.1
INV00221,J00221,C0072,Residential,2025-09-25,2025-09-28,124.23
INV00222,J00222,C0185,Residential,2025-12-01,2025-12-09,93.88
INV00223,J00223,C0004,Commercial,2025-08-24,2025-09-08,673.39
INV00224,J00224,C0070,Residential,2025-12-19,2025-12-19,128.36
INV00225,J00225,C0377,Residential,2026-01-20,2026-01-29,686.47
INV00226,J00226,C0289,Residential,2026-01-18,2026-01-18,339.86
INV00227,J00227,C0409,Residential,2026-02-22,2026-03-05,4831.45
INV00228,J00228,C0124,Residential,2026-03-13,2026-03-20,311.39
INV00229,J00229,C0206,Residential,2026-05-03,2026-05-08,115.08
INV00230,J00230,C0394,Residential,2026-01-01,2026-01-13,4989.39
INV00231,J00231,C0408,Property Management,2026-05-27,2026-07-20,145.39
INV00232,J00232,C0192,Commercial,2026-04-24,2026-05-11,5390.35
INV00233,J00233,C0152,Residential,2025-07-13,2025-07-31,106.2
INV00234,J00234,C0402,Commercial,2025-12-07,2025-12-14,344.81
INV00235,J00235,C0023,Commercial,2025-12-11,,8361.12
INV00236,J00236,C0090,Property Management,2025-09-23,2025-12-02,6290.7
INV00237,J00237,C0328,Property Management,2026-05-19,2026-07-01,521.8
INV00238,J00238,C0361,Commercial,2026-02-05,2026-02-18,117.14
INV00239,J00239,C0167,Property Management,2026-04-01,2026-06-15,282.48
INV00240,J00240,C0201,Property Management,2025-12-08,2026-02-24,165.9
INV00241,J00241,C0303,Property Management,2026-06-27,2026-08-27,2028.83
INV00242,J00242,C0199,Property Management,2026-06-21,2026-08-23,397.48
INV00243,J00243,C0086,Property Management,2026-06-21,2026-08-21,434.61
INV00244,J00244,C0070,Residential,2025-12-31,2026-01-04,323.39
INV00245,J00245,C0086,Property Management,2026-06-29,2026-08-22,81.2
INV00246,J00246,C0400,Residential,2026-04-02,2026-04-14,3034.77
INV00247,J00247,C0188,Residential,2025-08-28,2025-08-28,3263.52
INV00248,J00248,C0153,Residential,2026-02-03,2026-02-03,8748.86
INV00249,J00249,C0416,Property Management,2025-08-30,2025-11-29,7330.63
INV00250,J00250,C0417,Residential,2026-05-12,2026-05-19,287.61
INV00251,J00251,C0294,Commercial,2025-12-13,2025-12-25,2521.83
INV00252,J00252,C0336,Property Management,2026-01-27,2026-03-19,494.93
INV00253,J00253,C0073,Residential,2026-06-12,2026-06-22,164.64
INV00254,J00254,C0384,Residential,2025-08-17,2025-08-23,125.45
INV00255,J00255,C0326,Commercial,2025-07-02,2025-07-10,7484.86
INV00256,J00256,C0138,Commercial,2026-02-05,2026-02-18,5008.04
INV00257,J00257,C0051,Residential,2025-12-23,2026-01-11,1045.23
INV00258,J00258,C0333,Residential,2026-02-05,2026-02-25,4890.45
INV00259,J00259,C0027,Property Management,2025-08-12,2025-10-15,477.44
INV00260,J00260,C0110,Residential,2026-06-26,,6360.84
INV00261,J00261,C0217,Residential,2026-06-22,2026-06-26,685.82
INV00262,J00262,C0154,Residential,2025-08-22,2025-08-30,295.99
INV00263,J00263,C0289,Residential,2025-09-12,2025-09-25,3550.85
INV00264,J00264,C0352,Residential,2025-09-16,,146.95
INV00265,J00265,C0162,Property Management,2026-01-13,2026-03-23,753.75
INV00266,J00266,C0338,Residential,2026-05-08,2026-05-08,4164.73
INV00267,J00267,C0254,Residential,2026-05-27,2026-05-29,345.09
INV00268,J00268,C0199,Property Management,2026-01-01,2026-03-14,802.57
INV00269,J00269,C0035,Residential,2025-08-07,2025-08-14,149.53
INV00270,J00270,C0360,Residential,2026-06-30,2026-06-30,141.7
INV00271,J00271,C0275,Residential,2025-08-10,2025-08-15,5029.8
INV00272,J00272,C0030,Commercial,2025-12-06,2025-12-20,121.03
INV00273,J00273,C0007,Residential,2026-06-07,2026-06-17,548.11
INV00274,J00274,C0065,Property Management,2025-11-10,2025-12-23,569.88
INV00275,J00275,C0269,Residential,2025-12-19,2025-12-19,97.37
INV00276,J00276,C0291,Residential,2026-01-01,2026-01-01,193.84
INV00277,J00277,C0007,Residential,2026-03-18,2026-03-22,405.88
INV00278,J00278,C0165,Commercial,2026-04-10,2026-04-23,121.52
INV00279,J00279,C0115,Property Management,2025-08-31,2025-11-12,1414.09
INV00280,J00280,C0284,Commercial,2025-12-07,2025-12-12,519.72
INV00281,J00281,C0303,Property Management,2025-11-02,2026-01-05,147.89
INV00282,J00282,C0210,Residential,2025-11-03,,192.43
INV00283,J00283,C0378,Residential,2025-12-19,2025-12-24,368.92
INV00284,J00284,C0023,Commercial,2025-09-11,2025-09-24,4287.44
INV00285,J00285,C0069,Residential,2025-08-13,2025-08-13,7323.29
INV00286,J00286,C0134,Property Management,2025-09-05,2025-10-14,7965.12
INV00287,J00287,C0039,Property Management,2026-02-17,2026-04-10,4347.6
INV00288,J00288,C0209,Residential,2026-02-16,2026-02-27,84.06
INV00289,J00289,C0414,Commercial,2025-08-31,2025-09-04,7616.33
INV00290,J00290,C0365,Residential,2025-12-15,2025-12-20,309.07
INV00291,J00291,C0232,Residential,2025-09-28,2025-09-28,708.41
INV00292,J00292,C0102,Property Management,2025-08-01,2025-10-12,7812.57
INV00293,J00293,C0034,Property Management,2025-11-10,2026-01-05,4686.5
INV00294,J00294,C0237,Commercial,2025-12-17,2026-01-01,3803.83
INV00295,J00295,C0182,Residential,2026-01-12,2026-01-14,117.13
INV00296,J00296,C0256,Residential,2026-05-14,2026-05-30,5507.16
INV00297,J00297,C0407,Residential,2025-10-11,2025-10-11,3309.37
INV00298,J00298,C0139,Residential,2025-12-24,2026-01-11,325.87
INV00299,J00299,C0184,Residential,2025-07-30,2025-08-16,132.51
INV00300,J00300,C0295,Residential,2025-11-14,2025-11-20,1246.55
INV00301,J00301,C0303,Property Management,2026-04-30,2026-07-22,219.74
INV00302,J00302,C0159,Residential,2025-10-05,2025-10-05,88.17
INV00303,J00303,C0315,Property Management,2026-03-02,2026-04-20,194.07
INV00304,J00304,C0361,Commercial,2025-07-12,,656.96
INV00305,J00305,C0052,Property Management,2026-01-08,2026-02-22,133.09
INV00306,J00306,C0090,Property Management,2026-05-24,2026-07-13,128.04
INV00307,J00307,C0158,Residential,2026-06-06,,561.68
INV00308,J00308,C0017,Residential,2026-04-20,2026-04-26,112.85
INV00309,J00309,C0170,Property Management,2025-08-23,2025-10-14,130.9
INV00310,J00310,C0006,Residential,2025-08-15,2025-08-21,385.65
INV00311,J00311,C0225,Residential,2025-07-01,2025-07-12,1308.86
INV00312,J00312,C0334,Residential,2025-08-21,2025-08-28,131.87
INV00313,J00313,C0054,Residential,2025-07-11,2025-07-17,251.94
INV00314,J00314,C0315,Property Management,2025-08-17,2025-10-08,825.26
INV00315,J00315,C0052,Property Management,2026-02-08,2026-04-11,352.17
INV00316,J00316,C0153,Residential,2026-04-03,2026-04-16,2441.38
INV00317,J00317,C0045,Residential,2026-01-01,2026-01-15,561.92
INV00318,J00318,C0060,Residential,2025-11-27,2025-12-02,5350.12
INV00319,J00319,C0190,Residential,2026-04-05,2026-04-13,205.0
INV00320,J00320,C0032,Residential,2025-10-24,2025-11-13,2208.05
INV00321,J00321,C0032,Residential,2026-01-28,2026-02-12,7908.46
INV00322,J00322,C0154,Residential,2026-03-01,2026-03-12,3642.15
INV00323,J00323,C0388,Property Management,2026-04-19,,413.5
INV00324,J00324,C0350,Commercial,2025-07-22,2025-07-22,146.04
INV00325,J00325,C0285,Property Management,2025-08-04,2025-10-06,5884.13
INV00326,J00326,C0213,Residential,2026-06-24,2026-06-24,108.6
INV00327,J00327,C0275,Residential,2025-08-24,2025-08-26,8780.81
INV00328,J00328,C0142,Residential,2026-02-28,2026-03-11,632.08
INV00329,J00329,C0382,Property Management,2026-06-19,2026-08-08,5861.22
INV00330,J00330,C0357,Commercial,2025-12-07,2025-12-19,3649.1
INV00331,J00331,C0310,Residential,2025-12-12,,3543.0
INV00332,J00332,C0264,Residential,2026-03-22,2026-03-26,754.04
INV00333,J00333,C0099,Residential,2026-03-26,2026-03-31,541.48
INV00334,J00334,C0238,Residential,2025-10-10,2025-10-10,3163.84
INV00335,J00335,C0243,Residential,2026-05-01,2026-05-22,119.02
INV00336,J00336,C0015,Residential,2026-06-18,2026-07-02,5819.39
INV00337,J00337,C0138,Commercial,2026-05-28,,6848.89
INV00338,J00338,C0308,Residential,2026-02-28,2026-03-07,596.45
INV00339,J00339,C0193,Residential,2026-06-29,2026-07-10,4099.28
INV00340,J00340,C0053,Property Management,2026-05-16,2026-07-02,89.96
INV00341,J00341,C0351,Residential,2026-05-01,2026-05-06,2091.88
INV00342,J00342,C0077,Residential,2025-11-11,2025-11-28,3196.69
INV00343,J00343,C0370,Property Management,2026-01-23,2026-03-31,217.82
INV00344,J00344,C0372,Residential,2025-07-19,2025-07-28,7194.87
INV00345,J00345,C0337,Residential,2025-12-31,2026-01-18,4166.54
INV00346,J00346,C0336,Property Management,2026-04-13,2026-06-30,226.44
INV00347,J00347,C0300,Residential,2025-12-17,2025-12-24,405.84
INV00348,J00348,C0100,Residential,2026-05-14,2026-05-21,6502.86
INV00349,J00349,C0176,Residential,2025-09-16,2025-09-26,392.78
INV00350,J00350,C0171,Property Management,2025-10-01,2025-12-04,7286.2
INV00351,J00351,C0403,Residential,2025-09-25,2025-10-09,577.06
INV00352,J00352,C0020,Residential,2026-03-02,2026-03-19,158.93
INV00353,J00353,C0347,Residential,2026-03-29,2026-04-03,3223.09
INV00354,J00354,C0302,Commercial,2025-08-22,2025-08-28,129.1
INV00355,J00355,C0352,Residential,2026-03-24,2026-04-03,896.83
INV00356,J00356,C0115,Property Management,2026-01-23,2026-03-05,398.3
INV00357,J00357,C0328,Property Management,2026-05-30,2026-07-04,451.01
INV00358,J00358,C0214,Residential,2025-07-11,2025-07-30,282.67
INV00359,J00359,C0339,Commercial,2025-07-05,2025-07-14,2072.65
INV00360,J00360,C0059,Residential,2025-08-23,2025-09-04,8208.56
INV00361,J00361,C0152,Residential,2025-10-12,2025-10-12,312.26
INV00362,J00362,C0344,Residential,2025-10-29,2025-11-10,142.36
INV00363,J00363,C0330,Residential,2025-08-08,2025-08-16,4886.96
INV00364,J00364,C0185,Residential,2025-09-28,2025-10-06,637.1
INV00365,J00365,C0184,Residential,2025-09-09,2025-09-13,645.15
INV00366,J00366,C0206,Residential,2025-12-23,2025-12-23,388.13
INV00367,J00367,C0068,Residential,2026-02-01,2026-02-10,542.01
INV00368,J00368,C0348,Commercial,2026-04-29,2026-05-12,107.86
INV00369,J00369,C0058,Property Management,2025-09-05,2025-11-15,141.57
INV00370,J00370,C0266,Residential,2026-06-13,,6129.38
INV00371,J00371,C0286,Residential,2025-12-25,2026-01-04,205.86
INV00372,J00372,C0039,Property Management,2026-02-26,2026-04-21,131.36
INV00373,J00373,C0419,Property Management,2026-04-08,2026-06-03,119.78
INV00374,J00374,C0255,Property Management,2026-02-14,2026-04-02,721.67
INV00375,J00375,C0288,Residential,2025-08-16,2025-08-28,2358.5
INV00376,J00376,C0287,Residential,2025-10-23,2025-10-27,132.56
INV00377,J00377,C0175,Residential,2025-08-19,2025-08-29,5188.78
INV00378,J00378,C0253,Property Management,2025-08-24,2025-10-23,441.64
INV00379,J00379,C0401,Residential,2026-01-18,2026-01-31,4267.24
INV00380,J00380,C0235,Residential,2026-06-10,2026-06-18,7450.74
INV00381,J00381,C0248,Residential,2025-07-25,2025-07-31,210.09
INV00382,J00382,C0337,Residential,2025-09-04,2025-09-10,7103.28
INV00383,J00383,C0204,Residential,2026-06-20,2026-06-23,8596.12
INV00384,J00384,C0161,Residential,2026-06-24,2026-06-24,3722.06
INV00385,J00385,C0364,Property Management,2025-11-26,2026-01-17,655.06
INV00386,J00386,C0246,Residential,2025-08-29,2025-09-18,607.96
INV00387,J00387,C0414,Commercial,2026-03-31,2026-04-04,1834.48
INV00388,J00388,C0350,Commercial,2025-11-14,2025-12-01,310.29
INV00389,J00389,C0053,Property Management,2025-07-17,2025-09-20,631.28
INV00390,J00390,C0402,Commercial,2026-01-16,2026-01-24,7662.27
INV00391,J00391,C0028,Property Management,2026-01-30,2026-04-27,209.08
INV00392,J00392,C0280,Residential,2025-10-24,2025-10-29,716.92
INV00393,J00393,C0089,Property Management,2026-06-15,2026-08-09,7910.48
INV00394,J00394,C0170,Property Management,2025-09-21,2025-11-02,3059.09
INV00395,J00395,C0405,Residential,2026-05-17,2026-06-06,3346.23
INV00396,J00396,C0082,Residential,2025-10-03,2025-10-11,5995.59
INV00397,J00397,C0151,Residential,2025-12-17,2025-12-21,352.91
INV00398,J00398,C0343,Residential,2026-05-29,2026-05-30,324.53
INV00399,J00399,C0198,Residential,2025-12-12,2025-12-26,122.61
INV00400,J00400,C0023,Commercial,2026-03-21,2026-03-28,97.23
INV00401,J00401,C0108,Commercial,2026-04-02,2026-04-02,1030.75
INV00402,J00402,C0383,Residential,2026-06-25,2026-06-25,178.87
INV00403,J00403,C0037,Property Management,2025-09-30,2025-12-03,3352.4
INV00404,J00404,C0200,Property Management,2026-02-07,2026-03-27,671.31
INV00405,J00405,C0184,Residential,2026-04-26,,443.87
INV00406,J00406,C0339,Commercial,2026-02-10,2026-02-20,93.04
INV00407,J00407,C0153,Residential,2026-04-06,2026-04-10,3628.68
INV00408,J00408,C0022,Residential,2025-07-06,2025-07-14,182.62
INV00409,J00409,C0331,Residential,2025-12-24,2026-01-05,7968.17
INV00410,J00410,C0028,Property Management,2025-08-28,2025-10-28,622.72
INV00411,J00411,C0051,Residential,2025-11-26,2025-12-14,4684.51
INV00412,J00412,C0318,Property Management,2025-10-29,2025-11-24,3918.85
INV00413,J00413,C0291,Residential,2026-06-21,2026-06-29,369.54
INV00414,J00414,C0185,Residential,2025-10-22,2025-10-31,106.59
INV00415,J00415,C0056,Commercial,2025-12-04,,88.18
INV00416,J00416,C0376,Residential,2026-04-02,2026-04-15,8163.48
INV00417,J00417,C0109,Commercial,2025-07-16,2025-07-22,207.73
INV00418,J00418,C0115,Property Management,2025-09-15,2025-10-30,824.01
INV00419,J00419,C0258,Residential,2025-08-16,2025-08-23,90.39
INV00420,J00420,C0082,Residential,2026-03-21,2026-03-31,273.16
INV00421,J00421,C0113,Residential,2026-03-05,2026-03-19,733.03
INV00422,J00422,C0241,Residential,2026-03-23,2026-04-02,842.53
INV00423,J00423,C0297,Property Management,2026-03-24,2026-06-07,3269.75
INV00424,J00424,C0115,Property Management,2025-08-09,2025-09-24,3194.2
INV00425,J00425,C0072,Residential,2026-05-06,2026-05-14,363.65
INV00426,J00426,C0213,Residential,2026-05-05,2026-05-11,8367.04
INV00427,J00427,C0125,Property Management,2025-09-21,,94.65
INV00428,J00428,C0086,Property Management,2026-04-20,2026-06-27,314.3
INV00429,J00429,C0111,Residential,2025-07-10,2025-07-27,3012.85
INV00430,J00430,C0393,Property Management,2026-05-04,2026-07-11,274.58
INV00431,J00431,C0194,Residential,2026-02-18,2026-02-23,5812.77
INV00432,J00432,C0050,Property Management,2026-01-31,2026-04-13,272.26
INV00433,J00433,C0338,Residential,2025-08-30,2025-09-07,4281.97
INV00434,J00434,C0216,Commercial,2026-05-29,2026-06-07,137.52
INV00435,J00435,C0412,Property Management,2026-01-12,,718.98
INV00436,J00436,C0146,Property Management,2026-03-02,2026-04-29,6550.44
INV00437,J00437,C0004,Commercial,2025-07-04,2025-07-11,5750.18
INV00438,J00438,C0275,Residential,2026-02-04,2026-02-10,2943.62
INV00439,J00439,C0190,Residential,2026-01-28,2026-01-31,116.93
INV00440,J00440,C0383,Residential,2026-01-20,2026-02-11,299.48
INV00441,J00441,C0200,Property Management,2025-12-21,2026-01-12,323.17
INV00442,J00442,C0190,Residential,2025-08-02,2025-08-17,2016.11
INV00443,J00443,C0030,Commercial,2026-03-24,2026-03-29,4353.43
INV00444,J00444,C0018,Residential,2026-06-02,2026-06-06,3916.69
INV00445,J00445,C0081,Residential,2026-01-01,2026-01-10,3686.32
INV00446,J00446,C0047,Property Management,2025-10-11,2025-12-13,860.17
INV00447,J00447,C0207,Property Management,2025-10-24,2026-01-04,6419.48
INV00448,J00448,C0412,Property Management,2025-11-28,2026-01-31,559.3
INV00449,J00449,C0248,Residential,2026-02-12,,189.87
INV00450,J00450,C0060,Residential,2026-04-27,2026-04-28,363.59
INV00451,J00451,C0275,Residential,2026-01-28,2026-01-31,206.81
INV00452,J00452,C0092,Residential,2025-12-23,2025-12-23,6359.33
INV00453,J00453,C0378,Residential,2026-06-15,2026-06-18,4318.13
INV00454,J00454,C0399,Property Management,2025-11-05,2025-12-26,274.68
INV00455,J00455,C0191,Commercial,2026-04-04,2026-04-21,706.11
INV00456,J00456,C0114,Commercial,2026-03-19,2026-03-24,3825.46
INV00457,J00457,C0352,Residential,2025-07-17,2025-07-24,743.13
INV00458,J00458,C0195,Residential,2025-07-05,2025-07-16,521.3
INV00459,J00459,C0095,Property Management,2026-02-27,2026-04-18,549.14
INV00460,J00460,C0293,Commercial,2025-11-21,2025-12-03,84.84
INV00461,J00461,C0101,Residential,2025-10-29,2025-11-08,108.11
INV00462,J00462,C0274,Property Management,2026-03-13,2026-04-16,554.69
INV00463,J00463,C0031,Commercial,2026-01-20,,4792.8
INV00464,J00464,C0287,Residential,2025-11-11,2025-11-20,590.24
INV00465,J00465,C0295,Residential,2026-06-13,2026-06-23,6839.25
INV00466,J00466,C0041,Residential,2026-03-19,2026-03-21,103.58
INV00467,J00467,C0293,Commercial,2025-12-20,2025-12-22,142.03
INV00468,J00468,C0310,Residential,2026-05-31,2026-06-06,3540.54
INV00469,J00469,C0086,Property Management,2026-04-27,2026-06-20,88.79
INV00470,J00470,C0086,Property Management,2026-06-24,2026-08-17,5882.27
INV00471,J00471,C0135,Residential,2026-01-20,2026-01-24,7208.61
INV00472,J00472,C0068,Residential,2025-11-23,2025-12-05,114.51
INV00473,J00473,C0140,Residential,2026-03-01,2026-03-03,116.14
INV00474,J00474,C0328,Property Management,2026-02-19,2026-04-26,172.78
INV00475,J00475,C0212,Commercial,2026-02-12,2026-02-22,2501.48
INV00476,J00476,C0274,Property Management,2025-12-24,2026-02-12,1822.46
INV00477,J00477,C0119,Residential,2026-02-06,,3951.27
INV00478,J00478,C0194,Residential,2025-11-05,2025-11-21,294.71
INV00479,J00479,C0333,Residential,2026-05-10,2026-05-24,3805.9
INV00480,J00480,C0317,Residential,2025-11-26,2025-12-06,6216.6
INV00481,J00481,C0053,Property Management,2026-03-31,2026-05-20,221.96
INV00482,J00482,C0160,Residential,2025-10-20,2025-10-29,750.01
INV00483,J00483,C0137,Residential,2025-08-11,2025-08-12,583.34
INV00484,J00484,C0394,Residential,2026-01-12,2026-01-17,663.64
INV00485,J00485,C0200,Property Management,2025-08-18,2025-10-28,7016.08
INV00486,J00486,C0247,Residential,2026-04-08,2026-04-22,7331.12
INV00487,J00487,C0167,Property Management,2025-08-27,2025-10-17,3284.38
INV00488,J00488,C0080,Residential,2025-07-22,2025-07-26,102.85
INV00489,J00489,C0183,Property Management,2026-05-17,2026-06-21,931.72
INV00490,J00490,C0376,Residential,2026-05-27,2026-05-30,335.08
INV00491,J00491,C0151,Residential,2026-03-06,2026-03-16,115.71
INV00492,J00492,C0284,Commercial,2026-02-25,2026-03-09,2232.93
INV00493,J00493,C0195,Residential,2026-02-18,2026-02-21,1216.7
INV00494,J00494,C0269,Residential,2025-08-02,2025-08-27,178.5
INV00495,J00495,C0268,Commercial,2025-12-12,2025-12-28,7453.35
INV00496,J00496,C0051,Residential,2025-08-24,2025-08-28,77.39
INV00497,J00497,C0188,Residential,2026-04-29,2026-05-04,2395.95
INV00498,J00498,C0185,Residential,2025-08-10,2025-08-24,116.85
INV00499,J00499,C0021,Residential,2026-05-12,2026-05-16,3782.61
INV00500,J00500,C0198,Residential,2025-08-21,2025-09-01,4260.98
INV00501,J00501,C0393,Property Management,2026-04-12,2026-07-03,172.66
INV00502,J00502,C0206,Residential,2025-09-24,2025-09-25,442.44
INV00503,J00503,C0212,Commercial,2025-12-09,2025-12-17,734.93
INV00504,J00504,C0382,Property Management,2025-10-18,2025-12-17,122.29
INV00505,J00505,C0070,Residential,2025-11-23,2025-11-23,733.28
INV00506,J00506,C0262,Property Management,2026-06-19,2026-09-03,3302.07
INV00507,J00507,C0299,Residential,2025-09-09,2025-09-18,2474.61
INV00508,J00508,C0406,Commercial,2025-10-20,2025-11-07,6395.2
INV00509,J00509,C0375,Property Management,2025-08-18,2025-10-01,3982.52
INV00510,J00510,C0395,Residential,2026-02-08,2026-02-18,118.7
INV00511,J00511,C0269,Residential,2026-01-12,2026-01-20,278.72
INV00512,J00512,C0295,Residential,2026-01-18,2026-02-03,112.85
INV00513,J00513,C0382,Property Management,2025-08-12,,78.7
INV00514,J00514,C0287,Residential,2025-09-05,2025-09-12,283.02
INV00515,J00515,C0037,Property Management,2026-03-26,2026-05-02,4691.04
INV00516,J00516,C0179,Residential,2026-01-28,2026-02-09,113.95
INV00517,J00517,C0075,Commercial,2025-12-27,2026-01-13,108.03
INV00518,J00518,C0125,Property Management,2025-08-13,2025-10-05,9193.65
INV00519,J00519,C0231,Residential,2026-06-21,2026-06-21,6327.14
INV00520,J00520,C0374,Residential,2025-11-10,2025-11-17,149.42
INV00521,J00521,C0088,Commercial,2026-03-27,2026-04-05,165.91
INV00522,J00522,C0340,Residential,2025-08-04,2025-08-13,200.62
INV00523,J00523,C0195,Residential,2026-05-29,2026-06-13,155.62
INV00524,J00524,C0257,Commercial,2025-08-15,2025-08-30,682.73
INV00525,J00525,C0202,Property Management,2025-12-04,2026-02-09,721.07
INV00526,J00526,C0321,Residential,2026-03-14,2026-03-24,2495.73
INV00527,J00527,C0175,Residential,2025-11-21,2025-12-02,8224.18
INV00528,J00528,C0124,Residential,2026-05-10,2026-05-26,6408.23
INV00529,J00529,C0298,Property Management,2025-09-06,2025-10-11,6231.58
INV00530,J00530,C0395,Residential,2026-03-26,2026-04-05,255.48
INV00531,J00531,C0075,Commercial,2025-08-30,2025-09-08,558.08
INV00532,J00532,C0399,Property Management,2026-02-12,2026-04-12,2307.42
INV00533,J00533,C0119,Residential,2026-05-07,2026-05-11,4493.11
INV00534,J00534,C0095,Property Management,2026-05-06,2026-08-01,138.91
INV00535,J00535,C0114,Commercial,2025-07-08,2025-07-08,3804.39
INV00536,J00536,C0235,Residential,2026-02-10,2026-02-14,141.57
INV00537,J00537,C0381,Residential,2025-12-08,2025-12-14,163.92
INV00538,J00538,C0022,Residential,2025-08-25,2025-09-05,140.83
INV00539,J00539,C0150,Residential,2026-01-15,2026-01-15,871.65
INV00540,J00540,C0331,Residential,2025-07-28,2025-08-08,414.88
INV00541,J00541,C0212,Commercial,2026-06-22,2026-06-27,348.2
INV00542,J00542,C0166,Residential,2026-02-18,2026-02-24,7650.3
INV00543,J00543,C0044,Residential,2025-08-28,2025-09-14,114.29
INV00544,J00544,C0394,Residential,2026-01-10,2026-01-10,111.39
INV00545,J00545,C0215,Residential,2025-09-13,2025-09-26,340.19
INV00546,J00546,C0319,Residential,2025-09-06,2025-09-06,7486.22
INV00547,J00547,C0112,Residential,2026-05-08,2026-05-16,119.16
INV00548,J00548,C0322,Residential,2025-11-03,2025-11-17,3305.38
INV00549,J00549,C0342,Commercial,2025-07-19,2025-07-25,480.61
INV00550,J00550,C0313,Residential,2025-09-30,2025-10-14,523.68
INV00551,J00551,C0048,Residential,2026-04-23,2026-04-26,737.96
INV00552,J00552,C0242,Residential,2026-04-08,2026-04-15,4307.27
INV00553,J00553,C0030,Commercial,2026-06-22,2026-07-05,3812.09
INV00554,J00554,C0312,Property Management,2026-06-18,2026-09-06,4089.05
INV00555,J00555,C0374,Residential,2026-05-11,2026-05-27,122.39
INV00556,J00556,C0013,Residential,2025-10-08,2025-10-25,831.1
INV00557,J00557,C0287,Residential,2025-07-24,2025-08-04,764.23
INV00558,J00558,C0260,Residential,2025-08-04,,3284.98
INV00559,J00559,C0100,Residential,2026-04-18,2026-04-27,381.36
INV00560,J00560,C0275,Residential,2026-03-04,2026-03-19,645.88
INV00561,J00561,C0372,Residential,2026-03-24,2026-03-29,3631.13
INV00562,J00562,C0144,Residential,2025-12-29,2025-12-29,8544.43
INV00563,J00563,C0305,Residential,2026-05-07,2026-05-16,104.31
INV00564,J00564,C0255,Property Management,2025-11-17,2026-01-07,203.89
INV00565,J00565,C0402,Commercial,2025-09-28,2025-10-01,3724.37
INV00566,J00566,C0175,Residential,2026-03-14,2026-03-15,660.29
INV00567,J00567,C0371,Residential,2025-08-20,2025-08-27,199.01
INV00568,J00568,C0240,Residential,2025-07-23,2025-08-10,8835.12
INV00569,J00569,C0103,Residential,2025-12-07,2025-12-16,4278.26
INV00570,J00570,C0059,Residential,2025-09-15,2025-09-21,187.93
INV00571,J00571,C0361,Commercial,2025-12-11,2025-12-21,3970.81
INV00572,J00572,C0067,Property Management,2026-04-03,2026-05-24,77.17
INV00573,J00573,C0304,Commercial,2026-01-17,,507.32
INV00574,J00574,C0291,Residential,2025-10-10,2025-10-29,4290.77
INV00575,J00575,C0119,Residential,2026-06-16,2026-06-28,146.06
INV00576,J00576,C0233,Residential,2025-10-02,2025-10-02,541.25
INV00577,J00577,C0295,Residential,2025-11-22,2025-12-04,289.18
INV00578,J00578,C0273,Residential,2026-05-29,2026-05-30,6265.85
INV00579,J00579,C0175,Residential,2026-03-04,2026-03-17,116.28
INV00580,J00580,C0340,Residential,2025-12-23,2026-01-10,6949.79
INV00581,J00581,C0285,Property Management,2026-05-02,2026-06-26,82.32
INV00582,J00582,C0254,Residential,2026-06-16,2026-06-21,173.49
INV00583,J00583,C0339,Commercial,2026-05-22,2026-05-27,362.89
INV00584,J00584,C0407,Residential,2025-12-10,2025-12-15,4265.65
INV00585,J00585,C0005,Property Management,2025-12-24,2026-01-10,7168.94
INV00586,J00586,C0361,Commercial,2026-04-08,2026-04-27,1098.8
INV00587,J00587,C0365,Residential,2026-04-29,2026-05-08,139.15
INV00588,J00588,C0214,Residential,2025-10-05,2025-10-18,109.21
INV00589,J00589,C0337,Residential,2025-07-09,2025-07-26,407.1
INV00590,J00590,C0093,Residential,2026-02-19,2026-03-03,148.53
INV00591,J00591,C0256,Residential,2026-02-03,,571.78
INV00592,J00592,C0058,Property Management,2025-07-20,2025-09-22,118.52
INV00593,J00593,C0041,Residential,2025-11-21,2025-12-04,114.25
INV00594,J00594,C0409,Residential,2026-06-08,2026-06-22,6977.77
INV00595,J00595,C0376,Residential,2026-02-18,,99.86
INV00596,J00596,C0134,Property Management,2026-06-21,2026-09-13,1965.83
INV00597,J00597,C0249,Residential,2026-05-16,2026-05-23,298.69
INV00598,J00598,C0310,Residential,2025-11-09,2025-11-19,413.56
INV00599,J00599,C0093,Residential,2026-06-24,2026-07-03,7676.48
INV00600,J00600,C0395,Residential,2025-09-17,2025-10-03,103.74
INV00601,J00601,C0387,Residential,2025-12-24,2026-01-02,341.62
INV00602,J00602,C0350,Commercial,2026-03-30,2026-04-09,7151.4
INV00603,J00603,C0272,Residential,2026-02-15,2026-02-24,178.46
INV00604,J00604,C0139,Residential,2026-02-07,2026-02-14,2521.14
INV00605,J00605,C0173,Residential,2025-11-01,2025-11-20,6995.22
INV00606,J00606,C0051,Residential,2025-08-04,2025-08-09,800.32
INV00607,J00607,C0305,Residential,2026-05-14,2026-05-23,7439.63
INV00608,J00608,C0067,Property Management,2025-08-31,2025-10-23,5755.75
INV00609,J00609,C0151,Residential,2025-08-26,2025-09-09,422.82
INV00610,J00610,C0083,Residential,2026-02-04,2026-02-22,746.51
INV00611,J00611,C0226,Property Management,2025-11-10,2026-01-29,1987.38
INV00612,J00612,C0394,Residential,2025-08-25,2025-09-06,404.25
INV00613,J00613,C0293,Commercial,2025-07-18,2025-07-26,7865.27
INV00614,J00614,C0137,Residential,2025-07-01,2025-07-22,269.3
INV00615,J00615,C0373,Property Management,2026-03-02,2026-05-22,191.3
INV00616,J00616,C0275,Residential,2026-03-04,2026-03-20,9110.25
INV00617,J00617,C0274,Property Management,2026-05-28,2026-07-16,8620.05
INV00618,J00618,C0021,Residential,2025-10-12,2025-10-25,683.11
INV00619,J00619,C0044,Residential,2026-06-18,2026-06-18,819.65
INV00620,J00620,C0200,Property Management,2026-04-30,,3552.76
INV00621,J00621,C0174,Residential,2026-02-16,2026-02-20,383.53
INV00622,J00622,C0120,Property Management,2026-02-20,2026-04-30,660.9
INV00623,J00623,C0360,Residential,2026-05-13,2026-05-27,251.51
INV00624,J00624,C0033,Residential,2026-05-09,2026-05-25,605.26
INV00625,J00625,C0416,Property Management,2025-10-12,2025-12-09,198.5
INV00626,J00626,C0407,Residential,2026-04-06,2026-04-13,290.88
INV00627,J00627,C0284,Commercial,2026-01-29,2026-02-09,265.8
INV00628,J00628,C0009,Residential,2026-05-20,2026-05-21,204.23
INV00629,J00629,C0356,Property Management,2026-04-30,2026-06-24,3980.01
INV00630,J00630,C0123,Residential,2026-03-25,2026-03-29,145.36
INV00631,J00631,C0215,Residential,2025-08-15,2025-08-23,1812.34
INV00632,J00632,C0395,Residential,2026-01-02,2026-01-02,6708.2
INV00633,J00633,C0082,Residential,2026-02-28,,125.26
INV00634,J00634,C0054,Residential,2025-12-19,2025-12-31,130.53
INV00635,J00635,C0370,Property Management,2025-08-29,,6168.93
INV00636,J00636,C0117,Residential,2025-10-26,2025-11-05,4088.38
INV00637,J00637,C0224,Residential,2026-02-27,2026-03-09,85.87
INV00638,J00638,C0104,Residential,2025-10-08,2025-10-16,435.12
INV00639,J00639,C0088,Commercial,2026-02-24,2026-02-24,132.03
INV00640,J00640,C0284,Commercial,2026-05-10,,624.6
INV00641,J00641,C0143,Residential,2026-04-29,,76.09
INV00642,J00642,C0003,Residential,2025-10-22,2025-10-22,397.24
INV00643,J00643,C0415,Commercial,2026-02-03,2026-02-16,193.54
INV00644,J00644,C0068,Residential,2025-07-07,2025-07-10,135.95
INV00645,J00645,C0383,Residential,2025-09-21,2025-10-07,118.77
INV00646,J00646,C0361,Commercial,2025-10-03,2025-10-08,643.38
INV00647,J00647,C0386,Property Management,2025-07-17,2025-09-01,2528.43
INV00648,J00648,C0264,Residential,2025-08-11,2025-08-16,861.73
INV00649,J00649,C0188,Residential,2026-05-13,2026-05-20,397.67
INV00650,J00650,C0378,Residential,2025-10-31,2025-10-31,9134.89
INV00651,J00651,C0137,Residential,2025-10-24,2025-11-07,552.5
INV00652,J00652,C0364,Property Management,2026-03-14,2026-06-06,6691.43
INV00653,J00653,C0235,Residential,2026-06-10,2026-06-19,4023.85
INV00654,J00654,C0357,Commercial,2025-09-23,,2199.48
INV00655,J00655,C0178,Commercial,2026-01-30,2026-02-10,398.47
INV00656,J00656,C0297,Property Management,2025-10-27,2025-12-14,439.95
INV00657,J00657,C0156,Commercial,2026-04-07,2026-04-12,117.54
INV00658,J00658,C0076,Residential,2026-01-07,2026-01-07,2753.43
INV00659,J00659,C0363,Residential,2025-11-24,2025-11-24,540.29
INV00660,J00660,C0134,Property Management,2025-12-10,2026-02-28,372.23
INV00661,J00661,C0277,Residential,2025-09-14,2025-09-30,882.83
INV00662,J00662,C0080,Residential,2025-09-13,2025-09-22,75.32
INV00663,J00663,C0342,Commercial,2026-02-28,2026-03-07,2197.13
INV00664,J00664,C0348,Commercial,2026-03-03,,488.01
INV00665,J00665,C0270,Residential,2025-07-29,2025-07-30,4444.01
INV00666,J00666,C0202,Property Management,2026-02-14,2026-04-09,4666.7
INV00667,J00667,C0367,Residential,2026-01-01,,200.85
INV00668,J00668,C0373,Property Management,2026-02-14,2026-04-20,8826.83
INV00669,J00669,C0301,Commercial,2026-02-03,2026-02-17,167.33
INV00670,J00670,C0388,Property Management,2025-12-19,2026-01-27,5754.63
INV00671,J00671,C0096,Property Management,2026-02-22,2026-04-05,612.79
INV00672,J00672,C0287,Residential,2026-04-26,2026-05-11,3797.61
INV00673,J00673,C0335,Property Management,2026-05-24,2026-07-10,124.94
INV00674,J00674,C0253,Property Management,2025-07-15,2025-08-23,9466.0
INV00675,J00675,C0192,Commercial,2025-11-10,2025-11-12,113.44
INV00676,J00676,C0183,Property Management,2025-12-11,2026-02-16,87.25
INV00677,J00677,C0328,Property Management,2025-11-26,2026-01-09,4328.06
INV00678,J00678,C0351,Residential,2025-09-24,2025-09-29,759.91
INV00679,J00679,C0071,Commercial,2025-12-28,2026-01-11,449.45
INV00680,J00680,C0258,Residential,2025-08-22,2025-08-27,4438.24
INV00681,J00681,C0236,Commercial,2026-03-27,2026-04-02,8996.19
INV00682,J00682,C0419,Property Management,2026-06-19,2026-08-19,509.36
INV00683,J00683,C0114,Commercial,2025-12-03,2025-12-10,419.69
INV00684,J00684,C0010,Property Management,2026-02-03,2026-04-04,8148.15
INV00685,J00685,C0061,Commercial,2026-03-20,2026-03-24,357.05
INV00686,J00686,C0103,Residential,2026-05-05,2026-05-07,4234.78
INV00687,J00687,C0083,Residential,2026-04-23,2026-05-01,798.6
INV00688,J00688,C0112,Residential,2026-04-23,2026-05-04,1282.44
INV00689,J00689,C0358,Property Management,2025-10-18,2025-12-13,119.2
INV00690,J00690,C0264,Residential,2026-01-11,2026-01-15,118.81
INV00691,J00691,C0361,Commercial,2025-09-08,2025-09-17,96.62
INV00692,J00692,C0116,Residential,2026-02-19,2026-02-19,3295.57
INV00693,J00693,C0007,Residential,2026-03-01,2026-03-01,899.11
INV00694,J00694,C0203,Residential,2025-08-13,2025-08-24,5903.75
INV00695,J00695,C0174,Residential,2025-08-03,2025-08-16,340.18
INV00696,J00696,C0304,Commercial,2026-03-13,2026-03-13,2537.03
INV00697,J00697,C0262,Property Management,2026-05-05,2026-07-13,125.53
INV00698,J00698,C0051,Residential,2026-05-18,2026-05-28,563.66
INV00699,J00699,C0156,Commercial,2026-05-06,2026-05-06,635.38
INV00700,J00700,C0339,Commercial,2026-02-24,2026-03-04,5988.23
INV00701,J00701,C0061,Commercial,2025-07-10,2025-07-19,396.7
INV00702,J00702,C0221,Commercial,2025-12-03,2025-12-14,249.93
INV00703,J00703,C0288,Residential,2026-06-03,2026-06-16,139.08
INV00704,J00704,C0165,Commercial,2026-05-12,2026-05-22,243.0
INV00705,J00705,C0195,Residential,2026-04-25,2026-05-03,243.34
INV00706,J00706,C0044,Residential,2026-05-28,2026-06-02,4258.05
INV00707,J00707,C0337,Residential,2025-12-14,2025-12-24,984.74
INV00708,J00708,C0200,Property Management,2025-12-10,2026-01-28,131.24
INV00709,J00709,C0315,Property Management,2026-03-12,2026-04-27,409.66
INV00710,J00710,C0136,Property Management,2025-08-08,2025-10-11,3466.18
INV00711,J00711,C0173,Residential,2025-08-17,2025-08-24,5140.19
INV00712,J00712,C0412,Property Management,2025-08-09,2025-09-14,2609.75
INV00713,J00713,C0093,Residential,2026-03-21,2026-03-21,141.07
INV00714,J00714,C0327,Residential,2026-06-04,,114.95
INV00715,J00715,C0103,Residential,2026-05-17,2026-05-26,269.12
INV00716,J00716,C0212,Commercial,2025-12-11,2025-12-17,5101.61
INV00717,J00717,C0099,Residential,2025-10-31,2025-11-13,3666.23
INV00718,J00718,C0082,Residential,2026-02-02,2026-02-12,160.7
INV00719,J00719,C0029,Commercial,2025-07-22,2025-07-31,139.47
INV00720,J00720,C0204,Residential,2026-01-25,2026-02-02,860.21
INV00721,J00721,C0047,Property Management,2025-08-31,2025-11-24,2442.81
INV00722,J00722,C0112,Residential,2026-01-16,2026-01-19,4007.96
INV00723,J00723,C0274,Property Management,2026-04-28,2026-05-24,840.78
INV00724,J00724,C0367,Residential,2025-09-13,2025-09-23,457.42
INV00725,J00725,C0130,Commercial,2026-06-05,2026-06-22,490.09
INV00726,J00726,C0005,Property Management,2025-10-30,2025-12-18,143.23
INV00727,J00727,C0083,Residential,2025-10-29,2025-11-06,4272.91
INV00728,J00728,C0400,Residential,2025-07-18,2025-07-18,4339.34
INV00729,J00729,C0260,Residential,2025-08-21,2025-09-02,214.51
INV00730,J00730,C0329,Residential,2026-06-21,2026-07-03,858.42
INV00731,J00731,C0081,Residential,2025-12-08,2025-12-15,4997.62
INV00732,J00732,C0232,Residential,2026-05-01,,151.67
INV00733,J00733,C0213,Residential,2025-11-22,,5258.56
INV00734,J00734,C0332,Property Management,2025-07-11,2025-09-15,447.01
INV00735,J00735,C0220,Residential,2025-07-26,2025-07-29,167.65
INV00736,J00736,C0345,Residential,2025-07-08,2025-07-12,153.73
INV00737,J00737,C0196,Commercial,2025-11-14,2025-11-21,2151.54
INV00738,J00738,C0093,Residential,2026-06-12,2026-06-12,5487.73
INV00739,J00739,C0351,Residential,2025-11-05,2025-11-21,653.06
INV00740,J00740,C0363,Residential,2026-01-20,2026-01-20,5570.43
INV00741,J00741,C0311,Commercial,2025-10-29,2025-10-29,145.45
INV00742,J00742,C0203,Residential,2025-11-07,2025-11-19,176.94
INV00743,J00743,C0240,Residential,2025-09-25,2025-10-08,84.89
INV00744,J00744,C0144,Residential,2025-07-23,2025-07-31,568.87
INV00745,J00745,C0085,Commercial,2025-11-13,2025-11-26,420.88
INV00746,J00746,C0097,Commercial,2026-06-02,2026-06-18,86.15
INV00747,J00747,C0021,Residential,2026-02-09,2026-03-01,6149.12
INV00748,J00748,C0048,Residential,2025-09-14,,4722.4
INV00749,J00749,C0003,Residential,2026-04-15,,6145.69
INV00750,J00750,C0014,Residential,2026-06-12,,5205.69
INV00751,J00751,C0015,Residential,2025-08-24,2025-09-11,256.74
INV00752,J00752,C0023,Commercial,2026-05-01,2026-05-06,1193.73
INV00753,J00753,C0025,Residential,2026-04-18,,596.81
INV00754,J00754,C0205,Residential,2026-05-05,2026-05-21,122.43
INV00755,J00755,C0400,Residential,2025-10-15,2025-10-22,389.25
INV00756,J00756,C0068,Residential,2026-02-07,2026-02-19,2769.42
INV00757,J00757,C0289,Residential,2026-01-15,2026-01-24,120.03
INV00758,J00758,C0021,Residential,2026-05-19,2026-06-06,156.25
INV00759,J00759,C0240,Residential,2026-03-11,2026-03-23,6124.13
INV00760,J00760,C0219,Commercial,2025-12-01,2025-12-15,4854.7
INV00761,J00761,C0238,Residential,2026-02-03,,175.57
INV00762,J00762,C0380,Residential,2026-03-15,2026-03-15,421.68
INV00763,J00763,C0371,Residential,2025-11-30,2025-12-02,518.5
INV00764,J00764,C0041,Residential,2025-10-04,2025-10-11,7383.36
INV00765,J00765,C0007,Residential,2025-07-03,2025-07-22,111.5
INV00766,J00766,C0317,Residential,2026-05-05,2026-05-09,135.98
INV00767,J00767,C0070,Residential,2025-12-02,2025-12-20,3583.26
INV00768,J00768,C0333,Residential,2025-10-16,2025-10-17,93.13
INV00769,J00769,C0217,Residential,2026-02-23,2026-02-26,191.34
INV00770,J00770,C0300,Residential,2026-02-27,2026-02-27,303.64
INV00771,J00771,C0378,Residential,2026-02-07,2026-02-07,164.8
INV00772,J00772,C0366,Commercial,2026-03-20,2026-04-03,79.55
INV00773,J00773,C0060,Residential,2026-05-28,2026-06-17,153.82
INV00774,J00774,C0177,Residential,2025-11-25,2025-11-25,5653.42
INV00775,J00775,C0151,Residential,2026-06-02,2026-06-11,129.22
INV00776,J00776,C0319,Residential,2026-01-01,2026-01-06,90.54
INV00777,J00777,C0407,Residential,2025-09-19,2025-09-19,106.2
INV00778,J00778,C0183,Property Management,2025-07-10,2025-08-21,673.85
INV00779,J00779,C0317,Residential,2025-12-20,2026-01-01,118.7
INV00780,J00780,C0354,Residential,2025-07-24,2025-08-10,4158.98
INV00781,J00781,C0401,Residential,2026-02-20,2026-03-02,7163.44
INV00782,J00782,C0106,Residential,2025-08-23,2025-09-09,653.71
INV00783,J00783,C0172,Residential,2025-08-20,2025-08-20,605.96
INV00784,J00784,C0175,Residential,2025-07-04,2025-07-12,4805.85
INV00785,J00785,C0386,Property Management,2026-05-19,,7419.64
INV00786,J00786,C0407,Residential,2026-01-26,2026-01-26,126.16
INV00787,J00787,C0174,Residential,2026-03-22,2026-03-28,5388.83
INV00788,J00788,C0030,Commercial,2026-06-04,,688.42
INV00789,J00789,C0156,Commercial,2026-01-31,2026-02-15,183.52
INV00790,J00790,C0229,Residential,2026-05-09,2026-05-15,514.82
INV00791,J00791,C0155,Property Management,2025-12-24,2026-01-29,100.04
INV00792,J00792,C0048,Residential,2026-03-24,2026-04-05,3181.51
INV00793,J00793,C0397,Residential,2026-04-03,2026-04-24,2620.64
INV00794,J00794,C0025,Residential,2025-11-10,2025-11-19,729.59
INV00795,J00795,C0290,Residential,2025-12-21,2025-12-27,7202.02
INV00796,J00796,C0345,Residential,2025-12-01,2025-12-06,2177.92
INV00797,J00797,C0051,Residential,2025-10-07,2025-10-09,302.59
INV00798,J00798,C0229,Residential,2025-09-05,2025-09-15,80.86
INV00799,J00799,C0226,Property Management,2025-11-13,2025-12-30,126.68
INV00800,J00800,C0365,Residential,2026-03-16,2026-03-24,418.01
INV00801,J00801,C0383,Residential,2026-02-19,2026-03-05,86.76
INV00802,J00802,C0293,Commercial,2025-08-26,2025-08-28,5237.54
INV00803,J00803,C0406,Commercial,2025-11-28,2025-12-05,85.72
INV00804,J00804,C0420,Residential,2025-11-23,2025-11-28,7342.1
INV00805,J00805,C0232,Residential,2026-03-04,2026-03-14,4230.78
INV00806,J00806,C0342,Commercial,2025-09-09,2025-09-14,108.68
INV00807,J00807,C0203,Residential,2026-01-26,2026-02-09,133.41
INV00808,J00808,C0293,Commercial,2025-08-15,2025-08-22,507.66
INV00809,J00809,C0278,Commercial,2025-08-13,2025-08-27,6430.39
INV00810,J00810,C0093,Residential,2025-07-10,2025-07-13,9274.26
INV00811,J00811,C0414,Commercial,2026-04-23,2026-05-04,115.02
INV00812,J00812,C0213,Residential,2025-12-22,2026-01-07,92.15
INV00813,J00813,C0074,Property Management,2026-04-04,2026-06-04,274.99
INV00814,J00814,C0014,Residential,2025-07-31,2025-08-13,699.31
INV00815,J00815,C0027,Property Management,2025-11-10,2026-01-02,115.54
INV00816,J00816,C0032,Residential,2026-01-14,2026-01-22,5410.02
INV00817,J00817,C0301,Commercial,2025-07-10,,3622.76
INV00818,J00818,C0326,Commercial,2026-01-25,2026-02-12,112.53
INV00819,J00819,C0232,Residential,2025-11-03,2025-11-03,94.47
INV00820,J00820,C0247,Residential,2025-09-24,2025-10-04,294.35
INV00821,J00821,C0083,Residential,2026-03-19,2026-03-30,3795.79
INV00822,J00822,C0108,Commercial,2025-09-10,2025-09-18,3448.2
INV00823,J00823,C0126,Commercial,2025-11-11,2025-11-12,124.67
INV00824,J00824,C0312,Property Management,2026-06-20,2026-08-15,427.8
INV00825,J00825,C0276,Residential,2026-06-26,2026-07-01,81.09
INV00826,J00826,C0181,Commercial,2026-06-09,2026-06-26,147.9
INV00827,J00827,C0237,Commercial,2026-06-22,2026-06-25,303.49
INV00828,J00828,C0047,Property Management,2026-06-29,,771.4
INV00829,J00829,C0253,Property Management,2026-01-02,2026-01-30,1195.25
INV00830,J00830,C0283,Residential,2025-11-20,2025-11-28,89.53
INV00831,J00831,C0066,Residential,2026-04-28,2026-05-12,315.0
INV00832,J00832,C0315,Property Management,2025-10-07,2025-12-11,463.42
INV00833,J00833,C0209,Residential,2025-07-27,2025-08-10,391.82
INV00834,J00834,C0216,Commercial,2025-10-23,2025-10-30,484.51
INV00835,J00835,C0128,Residential,2025-10-24,2025-11-03,114.79
INV00836,J00836,C0409,Residential,2026-02-07,2026-02-13,556.72
INV00837,J00837,C0407,Residential,2025-07-28,2025-08-01,365.72
INV00838,J00838,C0032,Residential,2026-02-14,2026-02-22,9000.29
INV00839,J00839,C0155,Property Management,2025-08-01,2025-10-05,120.81
INV00840,J00840,C0317,Residential,2026-01-12,2026-01-28,187.51
INV00841,J00841,C0318,Property Management,2026-01-13,2026-03-04,121.44
INV00842,J00842,C0053,Property Management,2025-12-16,2026-02-17,3268.82
INV00843,J00843,C0216,Commercial,2025-09-03,2025-09-13,3099.78
INV00844,J00844,C0224,Residential,2025-09-04,2025-09-15,3185.44
INV00845,J00845,C0159,Residential,2025-09-13,,493.73
INV00846,J00846,C0260,Residential,2025-09-13,2025-09-29,937.23
INV00847,J00847,C0097,Commercial,2025-10-12,2025-10-24,7507.16
INV00848,J00848,C0154,Residential,2026-04-23,2026-05-08,493.09
INV00849,J00849,C0355,Property Management,2025-10-21,2025-12-15,479.96
INV00850,J00850,C0095,Property Management,2026-01-09,2026-03-04,7826.07
INV00851,J00851,C0100,Residential,2025-09-11,,3504.6
INV00852,J00852,C0135,Residential,2025-11-23,2025-12-10,553.8
INV00853,J00853,C0347,Residential,2025-11-12,2025-11-17,4323.46
INV00854,J00854,C0415,Commercial,2026-02-19,2026-02-21,5285.16
INV00855,J00855,C0074,Property Management,2026-02-08,2026-03-06,8796.34
INV00856,J00856,C0024,Residential,2025-12-10,2025-12-20,188.96
INV00857,J00857,C0065,Property Management,2025-11-04,2025-12-04,1458.73
INV00858,J00858,C0261,Commercial,2026-06-05,2026-06-28,5828.7
INV00859,J00859,C0270,Residential,2025-09-30,2025-10-19,686.16
INV00860,J00860,C0113,Residential,2026-04-25,,865.91
INV00861,J00861,C0282,Residential,2025-09-19,2025-09-30,259.33
INV00862,J00862,C0319,Residential,2025-07-22,2025-08-08,100.23
INV00863,J00863,C0092,Residential,2025-11-17,2025-11-19,146.86
INV00864,J00864,C0117,Residential,2026-03-14,2026-03-27,4090.45
INV00865,J00865,C0382,Property Management,2025-12-16,2026-02-07,4002.02
INV00866,J00866,C0395,Residential,2026-04-05,2026-04-13,2608.58
INV00867,J00867,C0335,Property Management,2026-04-23,2026-06-11,852.64
INV00868,J00868,C0301,Commercial,2026-02-28,2026-03-16,7601.46
INV00869,J00869,C0395,Residential,2025-12-08,2025-12-10,8474.81
INV00870,J00870,C0378,Residential,2025-09-10,2025-09-21,185.03
INV00871,J00871,C0154,Residential,2026-06-17,2026-06-18,131.72
INV00872,J00872,C0105,Residential,2025-12-17,2025-12-29,213.28
INV00873,J00873,C0088,Commercial,2026-02-17,2026-02-25,2081.65
INV00874,J00874,C0198,Residential,2025-10-04,2025-10-11,4789.38
INV00875,J00875,C0168,Residential,2026-03-23,,790.23
INV00876,J00876,C0067,Property Management,2025-08-05,2025-10-10,203.03
INV00877,J00877,C0104,Residential,2026-04-21,2026-04-30,3156.68
INV00878,J00878,C0414,Commercial,2025-08-02,2025-08-04,121.34
INV00879,J00879,C0331,Residential,2025-07-21,2025-07-31,8785.96
INV00880,J00880,C0128,Residential,2026-05-10,2026-06-01,273.38
INV00881,J00881,C0358,Property Management,2026-06-23,,9174.12
INV00882,J00882,C0253,Property Management,2025-11-27,2026-02-04,5967.67
INV00883,J00883,C0231,Residential,2026-03-16,2026-03-17,315.39
INV00884,J00884,C0176,Residential,2026-06-11,2026-06-11,130.95
INV00885,J00885,C0249,Residential,2025-09-08,2025-09-19,522.95
INV00886,J00886,C0088,Commercial,2026-02-27,,4063.94
INV00887,J00887,C0347,Residential,2025-09-25,2025-10-10,5139.51
INV00888,J00888,C0357,Commercial,2026-03-30,2026-04-16,3467.43
INV00889,J00889,C0228,Residential,2025-08-22,2025-08-26,95.87
INV00890,J00890,C0047,Property Management,2026-01-08,2026-02-21,3289.82
INV00891,J00891,C0409,Residential,2025-08-02,2025-08-07,7878.16
INV00892,J00892,C0321,Residential,2025-12-15,2025-12-25,332.68
INV00893,J00893,C0166,Residential,2025-10-18,2025-10-22,4541.73
INV00894,J00894,C0189,Residential,2025-08-03,2025-08-08,1918.64
INV00895,J00895,C0049,Residential,2025-08-22,,491.93
INV00896,J00896,C0090,Property Management,2026-06-21,2026-08-01,510.38
INV00897,J00897,C0300,Residential,2025-12-19,2025-12-22,589.08
INV00898,J00898,C0122,Commercial,2025-07-11,2025-07-20,7927.48
INV00899,J00899,C0193,Residential,2025-11-29,2025-12-04,4344.56
INV00900,J00900,C0163,Residential,2025-12-16,2026-01-01,514.67
INV00901,J00901,C0376,Residential,2025-11-25,2025-12-13,318.39
INV00902,J00902,C0196,Commercial,2026-06-17,2026-07-02,6120.24
INV00903,J00903,C0105,Residential,2025-10-07,2025-10-27,184.0
INV00904,J00904,C0085,Commercial,2026-02-04,2026-02-13,129.13
INV00905,J00905,C0401,Residential,2026-02-15,2026-02-23,5894.56
INV00906,J00906,C0420,Residential,2026-02-02,2026-02-06,213.94
INV00907,J00907,C0373,Property Management,2025-12-01,2026-01-29,271.36
INV00908,J00908,C0070,Residential,2026-03-04,2026-03-11,7789.18
INV00909,J00909,C0213,Residential,2026-01-08,2026-01-09,145.52
INV00910,J00910,C0020,Residential,2026-04-28,,9454.83
INV00911,J00911,C0364,Property Management,2025-11-08,2025-12-29,542.04
INV00912,J00912,C0018,Residential,2025-11-04,2025-11-06,8360.22
INV00913,J00913,C0234,Residential,2025-09-14,2025-09-18,4349.52
INV00914,J00914,C0395,Residential,2025-09-21,2025-09-25,391.2
INV00915,J00915,C0219,Commercial,2025-10-05,2025-10-06,122.13
INV00916,J00916,C0056,Commercial,2025-12-05,2025-12-12,172.34
INV00917,J00917,C0087,Residential,2026-01-20,2026-01-25,4004.25
INV00918,J00918,C0088,Commercial,2026-06-01,2026-06-18,2276.28
INV00919,J00919,C0417,Residential,2025-08-26,2025-08-30,90.94
INV00920,J00920,C0056,Commercial,2026-01-26,2026-02-01,140.13
INV00921,J00921,C0121,Property Management,2025-12-23,2026-02-12,744.02
INV00922,J00922,C0109,Commercial,2026-04-25,2026-04-28,211.85
INV00923,J00923,C0220,Residential,2026-02-28,2026-03-06,435.59
INV00924,J00924,C0313,Residential,2026-01-01,,96.5
INV00925,J00925,C0014,Residential,2026-06-23,2026-06-30,167.85
INV00926,J00926,C0352,Residential,2026-01-05,,124.42
INV00927,J00927,C0024,Residential,2025-12-12,2025-12-20,1298.3
INV00928,J00928,C0244,Residential,2025-08-11,2025-08-22,890.81
INV00929,J00929,C0293,Commercial,2025-10-08,2025-10-08,588.13
INV00930,J00930,C0229,Residential,2026-06-10,2026-06-20,146.63
INV00931,J00931,C0223,Residential,2026-06-03,2026-06-16,9460.17
INV00932,J00932,C0341,Residential,2025-11-21,2025-12-04,5867.29
INV00933,J00933,C0115,Property Management,2026-03-09,2026-05-02,9090.68
INV00934,J00934,C0115,Property Management,2026-01-12,2026-02-28,122.94
INV00935,J00935,C0189,Residential,2025-10-05,2025-10-10,4264.5
INV00936,J00936,C0217,Residential,2026-04-29,2026-05-11,4990.0
INV00937,J00937,C0203,Residential,2026-05-05,2026-05-15,3251.46
INV00938,J00938,C0076,Residential,2025-10-21,2025-11-03,120.11
INV00939,J00939,C0258,Residential,2026-05-03,2026-05-08,893.23
INV00940,J00940,C0361,Commercial,2025-10-19,2025-11-03,147.49
INV00941,J00941,C0250,Residential,2025-10-24,2025-11-04,579.51
INV00942,J00942,C0348,Commercial,2026-01-17,2026-01-28,531.4
INV00943,J00943,C0202,Property Management,2025-11-22,2026-01-11,3744.99
INV00944,J00944,C0336,Property Management,2026-06-29,2026-08-12,2241.98
INV00945,J00945,C0186,Residential,2025-10-20,,7265.36
INV00946,J00946,C0050,Property Management,2026-02-04,2026-03-29,364.9
INV00947,J00947,C0322,Residential,2025-12-21,2025-12-26,183.65
INV00948,J00948,C0398,Residential,2026-05-02,,539.73
INV00949,J00949,C0324,Residential,2026-05-29,2026-06-08,174.57
INV00950,J00950,C0301,Commercial,2026-06-08,,6408.7
INV00951,J00951,C0331,Residential,2025-10-01,2025-10-12,181.06
INV00952,J00952,C0417,Residential,2026-04-02,,544.39
INV00953,J00953,C0338,Residential,2025-08-02,2025-08-13,8885.61
INV00954,J00954,C0066,Residential,2025-12-08,2025-12-22,6950.49
INV00955,J00955,C0153,Residential,2025-08-13,2025-08-14,5681.36
INV00956,J00956,C0401,Residential,2025-12-01,2025-12-01,481.13
INV00957,J00957,C0340,Residential,2025-12-28,2026-01-08,7790.67
INV00958,J00958,C0184,Residential,2025-09-07,2025-09-09,4753.42
INV00959,J00959,C0234,Residential,2026-05-29,2026-06-11,223.29
INV00960,J00960,C0366,Commercial,2025-08-06,2025-08-18,2804.78
INV00961,J00961,C0195,Residential,2025-09-17,2025-09-30,218.14
INV00962,J00962,C0169,Residential,2026-04-07,2026-04-10,172.86
INV00963,J00963,C0051,Residential,2025-10-24,2025-10-30,2818.32
INV00964,J00964,C0414,Commercial,2025-09-28,2025-10-09,3121.97
INV00965,J00965,C0088,Commercial,2026-05-08,2026-05-21,5407.98
INV00966,J00966,C0304,Commercial,2026-03-30,2026-04-10,105.71
INV00967,J00967,C0372,Residential,2026-01-10,2026-01-12,3525.82
INV00968,J00968,C0182,Residential,2026-02-20,2026-02-24,595.2
INV00969,J00969,C0157,Residential,2025-10-26,2025-10-26,2897.59
INV00970,J00970,C0030,Commercial,2025-08-17,2025-09-01,223.98
INV00971,J00971,C0255,Property Management,2026-02-03,2026-03-06,447.81
INV00972,J00972,C0366,Commercial,2026-05-12,2026-05-16,5579.88
INV00973,J00973,C0230,Property Management,2026-03-28,2026-05-03,1211.85
INV00974,J00974,C0217,Residential,2025-09-07,2025-09-14,546.86
INV00975,J00975,C0154,Residential,2026-04-03,2026-04-07,6398.75
INV00976,J00976,C0317,Residential,2025-12-04,2025-12-12,356.42
INV00977,J00977,C0182,Residential,2025-12-27,2026-01-09,184.61
INV00978,J00978,C0004,Commercial,2026-01-27,2026-02-13,4433.78
INV00979,J00979,C0416,Property Management,2026-02-05,2026-02-27,320.13
INV00980,J00980,C0364,Property Management,2026-02-08,2026-03-30,223.83
INV00981,J00981,C0341,Residential,2025-09-21,2025-09-27,8704.4
INV00982,J00982,C0257,Commercial,2025-09-04,2025-09-26,708.2
INV00983,J00983,C0177,Residential,2025-07-11,2025-07-20,440.0
INV00984,J00984,C0246,Residential,2026-05-02,2026-05-02,448.13
INV00985,J00985,C0135,Residential,2025-11-05,2025-11-08,4484.49
INV00986,J00986,C0303,Property Management,2025-08-22,2025-10-07,507.03
INV00987,J00987,C0010,Property Management,2025-10-07,2025-12-15,500.56
INV00988,J00988,C0173,Residential,2026-05-21,2026-05-21,5586.02
INV00989,J00989,C0365,Residential,2026-01-03,2026-01-07,2928.8
INV00990,J00990,C0242,Residential,2025-12-12,2025-12-26,4768.89
INV00991,J00991,C0050,Property Management,2025-12-19,2026-02-14,3606.16
INV00992,J00992,C0333,Residential,2026-01-02,2026-01-09,393.16
INV00993,J00993,C0301,Commercial,2026-05-05,2026-05-05,9309.98
INV00994,J00994,C0317,Residential,2025-08-20,2025-08-24,5557.39
INV00995,J00995,C0215,Residential,2025-07-23,2025-08-07,466.26
INV00996,J00996,C0323,Commercial,2025-12-25,2025-12-25,702.13
INV00997,J00997,C0307,Property Management,2026-03-15,2026-04-18,726.79
INV00998,J00998,C0351,Residential,2025-10-06,2025-10-12,158.75
INV00999,J00999,C0311,Commercial,2026-04-14,2026-04-23,124.57
INV01000,J01000,C0363,Residential,2026-03-20,2026-03-29,129.04
INV01001,J01001,C0024,Residential,2025-08-30,2025-09-03,457.45
INV01002,J01002,C0329,Residential,2025-09-07,2025-09-30,4446.06
INV01003,J01003,C0043,Residential,2026-05-20,2026-05-31,862.5
INV01004,J01004,C0321,Residential,2025-11-28,2025-11-28,771.15
INV01005,J01005,C0335,Property Management,2025-07-09,2025-09-14,5044.07
INV01006,J01006,C0298,Property Management,2025-12-14,2026-01-25,3500.46
INV01007,J01007,C0246,Residential,2026-02-08,2026-02-25,265.58
INV01008,J01008,C0011,Residential,2026-03-09,2026-03-22,341.28
INV01009,J01009,C0126,Commercial,2025-09-12,2025-09-12,6230.14
INV01010,J01010,C0197,Property Management,2025-07-07,2025-08-30,3624.3
INV01011,J01011,C0074,Property Management,2025-11-05,2026-01-08,9131.59
INV01012,J01012,C0104,Residential,2026-04-04,2026-04-15,297.46
INV01013,J01013,C0029,Commercial,2026-03-03,2026-03-07,462.63
INV01014,J01014,C0262,Property Management,2026-04-05,2026-05-27,4193.43
INV01015,J01015,C0336,Property Management,2026-01-14,2026-03-12,329.16
INV01016,J01016,C0057,Residential,2025-08-27,2025-09-04,91.84
INV01017,J01017,C0310,Residential,2026-01-01,2026-01-17,4406.62
INV01018,J01018,C0419,Property Management,2026-06-07,2026-07-10,2574.91
INV01019,J01019,C0077,Residential,2025-11-13,2025-11-25,8166.7
INV01020,J01020,C0296,Residential,2026-03-02,2026-03-05,6064.72
INV01021,J01021,C0254,Residential,2026-01-14,2026-01-30,496.68
INV01022,J01022,C0215,Residential,2026-05-31,2026-06-18,6276.3
INV01023,J01023,C0296,Residential,2025-08-12,2025-08-22,190.73
INV01024,J01024,C0286,Residential,2025-10-13,2025-11-01,302.04
INV01025,J01025,C0074,Property Management,2025-09-10,2025-10-28,4055.18
INV01026,J01026,C0061,Commercial,2025-10-23,2025-11-07,1248.37
INV01027,J01027,C0038,Property Management,2026-06-25,2026-07-25,6360.96
INV01028,J01028,C0292,Residential,2025-11-03,2025-11-14,8486.41
INV01029,J01029,C0211,Residential,2026-03-28,,3750.91
INV01030,J01030,C0385,Residential,2025-07-31,2025-08-17,198.13
INV01031,J01031,C0257,Commercial,2026-06-30,2026-07-12,2626.29
INV01032,J01032,C0206,Residential,2026-01-10,,501.9
INV01033,J01033,C0161,Residential,2025-08-09,2025-08-25,123.95
INV01034,J01034,C0056,Commercial,2026-02-03,2026-02-10,3784.64
INV01035,J01035,C0109,Commercial,2025-09-22,2025-09-27,7082.66
INV01036,J01036,C0044,Residential,2025-07-17,2025-08-03,8669.31
INV01037,J01037,C0005,Property Management,2025-12-09,,9383.25
INV01038,J01038,C0360,Residential,2026-01-17,2026-01-24,672.28
INV01039,J01039,C0408,Property Management,2025-09-15,2025-11-21,590.49
INV01040,J01040,C0111,Residential,2026-05-17,2026-05-17,8344.86
INV01041,J01041,C0403,Residential,2026-03-22,2026-04-05,291.84
INV01042,J01042,C0107,Commercial,2026-06-30,2026-07-10,219.61
INV01043,J01043,C0393,Property Management,2025-08-19,,965.03
INV01044,J01044,C0083,Residential,2025-12-08,2025-12-13,215.44
INV01045,J01045,C0132,Property Management,2026-02-21,2026-04-08,3860.5
INV01046,J01046,C0147,Residential,2026-03-07,2026-03-07,805.98
INV01047,J01047,C0350,Commercial,2025-12-08,,489.24
INV01048,J01048,C0359,Residential,2026-05-26,2026-06-11,289.66
INV01049,J01049,C0237,Commercial,2025-08-07,2025-08-07,6947.24
INV01050,J01050,C0375,Property Management,2025-08-25,2025-10-17,4150.09
INV01051,J01051,C0310,Residential,2025-08-03,2025-08-12,540.41
INV01052,J01052,C0328,Property Management,2025-09-18,2025-12-02,91.01
INV01053,J01053,C0110,Residential,2026-01-02,2026-01-02,96.08
INV01054,J01054,C0073,Residential,2026-05-22,2026-05-26,216.01
INV01055,J01055,C0095,Property Management,2026-03-26,2026-05-07,7851.07
INV01056,J01056,C0215,Residential,2025-09-23,2025-10-04,5897.1
INV01057,J01057,C0288,Residential,2026-06-20,2026-06-29,191.58
INV01058,J01058,C0078,Property Management,2025-12-13,2026-02-27,827.55
INV01059,J01059,C0267,Property Management,2026-06-11,2026-08-06,183.62
INV01060,J01060,C0112,Residential,2026-05-24,2026-06-08,7974.25
INV01061,J01061,C0098,Property Management,2025-10-19,2025-12-17,880.22
INV01062,J01062,C0333,Residential,2025-12-05,2025-12-12,9494.29
INV01063,J01063,C0235,Residential,2025-12-19,2025-12-27,6070.3
INV01064,J01064,C0360,Residential,2026-06-03,2026-06-10,170.27
INV01065,J01065,C0316,Residential,2025-08-23,2025-09-01,9094.98
INV01066,J01066,C0298,Property Management,2026-05-21,2026-08-01,135.44
INV01067,J01067,C0101,Residential,2026-04-09,2026-04-11,201.18
INV01068,J01068,C0192,Commercial,2026-05-27,2026-06-03,191.47
INV01069,J01069,C0213,Residential,2026-01-29,2026-02-20,3382.98
INV01070,J01070,C0088,Commercial,2026-05-04,2026-05-13,871.41
INV01071,J01071,C0411,Residential,2026-05-26,,211.08
INV01072,J01072,C0082,Residential,2026-01-23,2026-02-04,506.18
INV01073,J01073,C0082,Residential,2026-01-17,2026-01-24,4361.49
INV01074,J01074,C0317,Residential,2026-04-30,2026-05-09,547.94
INV01075,J01075,C0096,Property Management,2025-09-05,2025-09-24,92.98
INV01076,J01076,C0141,Residential,2026-01-10,2026-01-22,2024.0
INV01077,J01077,C0063,Residential,2025-08-26,2025-08-26,83.03
INV01078,J01078,C0052,Property Management,2026-01-02,2026-02-19,5949.81
INV01079,J01079,C0161,Residential,2026-06-17,2026-06-24,172.0
INV01080,J01080,C0176,Residential,2026-06-03,,980.79
INV01081,J01081,C0016,Residential,2025-09-01,2025-09-06,6201.34
INV01082,J01082,C0071,Commercial,2025-10-20,2025-10-22,527.11
INV01083,J01083,C0382,Property Management,2025-12-26,2026-02-27,3984.33
INV01084,J01084,C0053,Property Management,2025-10-10,2025-12-04,3375.85
INV01085,J01085,C0217,Residential,2026-03-07,2026-03-22,167.12
INV01086,J01086,C0324,Residential,2025-10-11,2025-10-17,773.54
INV01087,J01087,C0331,Residential,2026-01-26,2026-02-01,4366.02
INV01088,J01088,C0126,Commercial,2026-02-05,2026-02-08,217.77
INV01089,J01089,C0110,Residential,2025-12-11,2025-12-11,830.43
INV01090,J01090,C0288,Residential,2026-03-27,2026-03-30,4757.07
INV01091,J01091,C0163,Residential,2026-05-27,2026-06-03,195.55
INV01092,J01092,C0064,Residential,2025-11-18,2025-11-26,148.31
INV01093,J01093,C0146,Property Management,2025-07-10,2025-09-04,545.37
INV01094,J01094,C0049,Residential,2025-07-09,2025-07-09,8479.1
INV01095,J01095,C0314,Property Management,2025-08-10,2025-10-03,232.95
INV01096,J01096,C0053,Property Management,2025-09-01,2025-10-24,220.5
INV01097,J01097,C0088,Commercial,2026-06-18,2026-06-27,100.53
INV01098,J01098,C0402,Commercial,2025-07-03,2025-07-07,103.06
INV01099,J01099,C0071,Commercial,2026-01-11,2026-01-19,3375.32
INV01100,J01100,C0268,Commercial,2026-01-28,2026-02-11,114.57
INV01101,J01101,C0136,Property Management,2026-03-05,2026-04-21,7490.73
INV01102,J01102,C0039,Property Management,2026-05-28,2026-06-24,8641.89
INV01103,J01103,C0175,Residential,2025-10-05,2025-10-16,90.65
INV01104,J01104,C0259,Commercial,2025-12-07,2025-12-13,82.92
INV01105,J01105,C0097,Commercial,2026-05-14,2026-05-23,3584.38
INV01106,J01106,C0055,Residential,2025-08-22,2025-08-30,567.41
INV01107,J01107,C0136,Property Management,2026-06-04,2026-09-09,83.87
INV01108,J01108,C0226,Property Management,2026-02-06,2026-03-22,390.81
INV01109,J01109,C0091,Residential,2025-11-28,2025-12-12,6526.68
INV01110,J01110,C0113,Residential,2026-05-27,2026-05-27,3845.05
INV01111,J01111,C0359,Residential,2025-11-19,2025-12-02,7208.61
INV01112,J01112,C0088,Commercial,2025-11-15,2025-11-25,133.93
INV01113,J01113,C0359,Residential,2025-08-18,2025-08-24,503.5
INV01114,J01114,C0096,Property Management,2026-06-14,2026-08-07,5492.93
INV01115,J01115,C0040,Residential,2025-07-11,2025-07-11,268.78
INV01116,J01116,C0242,Residential,2025-07-01,2025-07-13,83.2
INV01117,J01117,C0397,Residential,2026-03-26,2026-04-04,228.83
INV01118,J01118,C0130,Commercial,2026-04-06,2026-04-21,2783.58
INV01119,J01119,C0139,Residential,2026-06-05,2026-06-15,126.43
INV01120,J01120,C0255,Property Management,2026-06-03,2026-07-22,196.07
INV01121,J01121,C0328,Property Management,2025-08-15,2025-10-03,3804.42
INV01122,J01122,C0348,Commercial,2026-03-27,2026-04-02,361.4
INV01123,J01123,C0267,Property Management,2025-10-06,2025-12-13,1127.95
INV01124,J01124,C0005,Property Management,2025-12-25,2026-01-21,3147.1
INV01125,J01125,C0250,Residential,2026-05-16,2026-05-27,329.9
INV01126,J01126,C0251,Residential,2026-04-30,2026-05-11,5334.93
INV01127,J01127,C0341,Residential,2025-12-27,2026-01-09,4388.02
INV01128,J01128,C0042,Residential,2025-10-09,2025-10-19,127.1
INV01129,J01129,C0051,Residential,2026-01-14,2026-01-31,205.99
INV01130,J01130,C0129,Residential,2025-12-13,2025-12-13,250.56
INV01131,J01131,C0094,Residential,2026-05-18,,103.2
INV01132,J01132,C0182,Residential,2025-12-08,2025-12-22,499.37
INV01133,J01133,C0315,Property Management,2026-02-01,2026-04-01,8941.09
INV01134,J01134,C0387,Residential,2026-04-16,2026-04-25,4081.79
INV01135,J01135,C0044,Residential,2026-03-23,2026-04-03,79.1
INV01136,J01136,C0032,Residential,2025-11-26,2025-11-30,84.11
INV01137,J01137,C0380,Residential,2026-03-22,2026-03-23,682.98
INV01138,J01138,C0413,Commercial,2026-05-18,2026-06-03,3109.38
INV01139,J01139,C0105,Residential,2025-08-31,2025-09-15,4121.64
INV01140,J01140,C0095,Property Management,2025-12-01,2026-01-31,196.46
INV01141,J01141,C0075,Commercial,2026-06-02,2026-06-08,7317.18
INV01142,J01142,C0246,Residential,2026-06-24,2026-06-30,4824.2
INV01143,J01143,C0238,Residential,2026-01-17,2026-01-18,143.61
INV01144,J01144,C0331,Residential,2025-07-06,2025-07-16,3556.14
INV01145,J01145,C0142,Residential,2025-09-10,2025-09-18,75.68
INV01146,J01146,C0033,Residential,2026-06-27,2026-06-27,111.86
INV01147,J01147,C0202,Property Management,2025-09-10,,1984.17
INV01148,J01148,C0358,Property Management,2025-10-01,2025-12-03,2675.01
INV01149,J01149,C0119,Residential,2025-07-24,2025-07-31,143.36
INV01150,J01150,C0373,Property Management,2025-10-30,2025-12-31,8854.84
INV01151,J01151,C0227,Residential,2025-08-28,2025-09-12,943.04
INV01152,J01152,C0285,Property Management,2026-01-10,2026-02-20,283.86
INV01153,J01153,C0415,Commercial,2025-09-21,,192.49
INV01154,J01154,C0185,Residential,2025-07-18,2025-08-03,582.68
INV01155,J01155,C0107,Commercial,2026-05-25,2026-05-29,117.78
INV01156,J01156,C0219,Commercial,2025-09-09,2025-09-22,7252.82
INV01157,J01157,C0119,Residential,2025-08-21,2025-08-26,3808.87
INV01158,J01158,C0035,Residential,2025-11-06,2025-11-15,203.29
INV01159,J01159,C0317,Residential,2026-03-23,2026-04-07,1952.95
INV01160,J01160,C0174,Residential,2025-11-12,,332.23
INV01161,J01161,C0253,Property Management,2025-12-16,2026-01-18,464.42
INV01162,J01162,C0379,Property Management,2025-08-06,2025-09-15,169.23
INV01163,J01163,C0255,Property Management,2025-07-22,2025-09-08,6545.63
INV01164,J01164,C0014,Residential,2025-10-25,2025-11-04,1183.05
INV01165,J01165,C0199,Property Management,2026-04-09,,132.43
INV01166,J01166,C0189,Residential,2026-02-10,2026-02-16,5610.73
INV01167,J01167,C0383,Residential,2025-07-06,2025-07-13,7414.39
INV01168,J01168,C0030,Commercial,2025-11-05,2025-11-13,187.59
INV01169,J01169,C0204,Residential,2025-11-27,2025-11-30,428.92
INV01170,J01170,C0228,Residential,2026-03-11,,699.19
INV01171,J01171,C0358,Property Management,2026-03-27,2026-04-30,3261.83
INV01172,J01172,C0105,Residential,2026-03-06,2026-03-16,4262.53
INV01173,J01173,C0019,Commercial,2025-09-01,2025-09-16,884.54
INV01174,J01174,C0143,Residential,2026-03-13,2026-03-23,502.24
INV01175,J01175,C0228,Residential,2025-07-10,,94.82
INV01176,J01176,C0391,Property Management,2025-12-04,2026-01-24,179.63
INV01177,J01177,C0175,Residential,2026-04-29,2026-05-14,7264.4
INV01178,J01178,C0199,Property Management,2025-07-30,2025-09-08,9214.84
INV01179,J01179,C0196,Commercial,2026-02-03,2026-02-23,3061.8
INV01180,J01180,C0128,Residential,2026-06-15,2026-06-25,3882.62
INV01181,J01181,C0007,Residential,2025-11-15,2025-11-25,2135.63
INV01182,J01182,C0005,Property Management,2026-02-22,2026-03-24,968.92
INV01183,J01183,C0283,Residential,2025-08-10,2025-08-21,2647.87
INV01184,J01184,C0323,Commercial,2026-03-11,2026-03-22,270.74
INV01185,J01185,C0163,Residential,2025-10-03,2025-10-11,78.15
INV01186,J01186,C0277,Residential,2025-11-09,2025-11-18,896.74
INV01187,J01187,C0293,Commercial,2025-10-30,2025-11-23,5279.61
INV01188,J01188,C0311,Commercial,2025-09-12,2025-09-26,654.79
INV01189,J01189,C0189,Residential,2026-05-15,2026-05-21,422.78
INV01190,J01190,C0194,Residential,2026-03-19,2026-04-07,781.51
INV01191,J01191,C0290,Residential,2025-08-10,,6520.98
INV01192,J01192,C0242,Residential,2026-03-28,2026-04-12,763.86
INV01193,J01193,C0119,Residential,2025-12-16,2025-12-26,5752.6
INV01194,J01194,C0181,Commercial,2026-01-26,2026-02-11,592.32
INV01195,J01195,C0065,Property Management,2026-01-31,2026-03-23,8384.01
INV01196,J01196,C0175,Residential,2026-05-07,2026-05-07,2647.38
INV01197,J01197,C0233,Residential,2026-05-20,2026-05-25,3286.87
INV01198,J01198,C0221,Commercial,2025-08-21,2025-09-09,192.44
INV01199,J01199,C0066,Residential,2026-01-15,2026-01-27,141.7
INV01200,J01200,C0038,Property Management,2025-12-20,2026-03-03,7932.49
INV01201,J01201,C0359,Residential,2026-02-09,2026-02-14,2163.43
INV01202,J01202,C0304,Commercial,2025-08-12,2025-08-16,488.39
INV01203,J01203,C0119,Residential,2026-04-28,2026-05-04,2602.84
INV01204,J01204,C0197,Property Management,2026-02-04,2026-04-01,2660.16
INV01205,J01205,C0143,Residential,2025-10-16,2025-10-24,164.34
INV01206,J01206,C0115,Property Management,2025-11-18,2026-01-08,141.4
INV01207,J01207,C0050,Property Management,2025-10-27,2026-01-16,2358.48
INV01208,J01208,C0251,Residential,2026-04-03,2026-04-08,7862.03
INV01209,J01209,C0152,Residential,2026-02-13,2026-02-23,657.36
INV01210,J01210,C0071,Commercial,2026-03-10,2026-03-20,4481.31
INV01211,J01211,C0081,Residential,2025-10-22,2025-11-11,6542.36
INV01212,J01212,C0222,Residential,2026-06-27,2026-07-15,270.31
INV01213,J01213,C0126,Commercial,2026-05-17,2026-06-04,281.79
INV01214,J01214,C0068,Residential,2025-10-04,2025-10-18,89.89
INV01215,J01215,C0252,Commercial,2025-07-02,2025-07-11,162.06
INV01216,J01216,C0248,Residential,2026-01-11,2026-01-15,6170.58
INV01217,J01217,C0408,Property Management,2026-06-08,2026-07-18,122.25
INV01218,J01218,C0167,Property Management,2025-11-25,2026-01-27,121.41
INV01219,J01219,C0397,Residential,2025-12-25,2026-01-11,204.56
INV01220,J01220,C0260,Residential,2025-07-15,2025-07-22,2380.79
INV01221,J01221,C0201,Property Management,2026-06-11,2026-09-06,766.32
INV01222,J01222,C0158,Residential,2025-10-21,2025-10-29,513.35
INV01223,J01223,C0310,Residential,2025-08-26,2025-09-02,577.84
INV01224,J01224,C0033,Residential,2025-12-18,2025-12-27,658.45
INV01225,J01225,C0149,Residential,2026-04-01,2026-04-01,193.97
INV01226,J01226,C0387,Residential,2025-07-07,2025-07-07,443.61
INV01227,J01227,C0140,Residential,2025-10-26,2025-11-08,7399.53
INV01228,J01228,C0038,Property Management,2025-11-16,2026-01-12,6527.06
INV01229,J01229,C0377,Residential,2026-04-04,2026-04-11,485.86
INV01230,J01230,C0141,Residential,2026-02-03,2026-02-12,269.16
INV01231,J01231,C0143,Residential,2025-10-22,2025-11-01,152.32
INV01232,J01232,C0391,Property Management,2026-03-12,2026-04-01,160.6
INV01233,J01233,C0245,Residential,2025-10-27,2025-11-07,117.24
INV01234,J01234,C0251,Residential,2025-08-18,2025-09-03,488.57
INV01235,J01235,C0393,Property Management,2026-04-17,2026-06-15,5963.14
INV01236,J01236,C0138,Commercial,2026-06-18,2026-07-02,179.44
INV01237,J01237,C0237,Commercial,2026-05-30,2026-06-03,7169.66
INV01238,J01238,C0193,Residential,2025-08-23,,105.67
INV01239,J01239,C0254,Residential,2025-08-28,2025-09-08,514.65
INV01240,J01240,C0151,Residential,2025-11-29,2025-12-11,7819.66
INV01241,J01241,C0149,Residential,2026-04-15,2026-04-23,452.09
INV01242,J01242,C0108,Commercial,2025-11-06,,145.22
INV01243,J01243,C0163,Residential,2026-03-26,2026-04-07,106.22
INV01244,J01244,C0276,Residential,2025-10-05,2025-10-15,5768.12
INV01245,J01245,C0322,Residential,2026-05-22,,3279.13
INV01246,J01246,C0393,Property Management,2025-12-04,2026-01-24,482.29
INV01247,J01247,C0144,Residential,2025-09-17,2025-09-30,4569.95
INV01248,J01248,C0396,Commercial,2026-01-13,,797.38
INV01249,J01249,C0002,Residential,2026-02-28,2026-03-16,7586.84
INV01250,J01250,C0166,Residential,2025-09-23,2025-10-02,80.83
INV01251,J01251,C0257,Commercial,2026-02-27,2026-03-06,732.01
INV01252,J01252,C0163,Residential,2025-12-29,2026-01-01,3232.85
INV01253,J01253,C0287,Residential,2025-11-20,2025-12-06,409.66
INV01254,J01254,C0013,Residential,2026-05-30,2026-06-08,806.3
INV01255,J01255,C0192,Commercial,2026-05-12,2026-05-24,4202.43
INV01256,J01256,C0049,Residential,2025-07-03,2025-07-11,4259.81
INV01257,J01257,C0204,Residential,2026-05-28,2026-06-20,1918.58
INV01258,J01258,C0324,Residential,2025-07-16,2025-07-27,109.09
INV01259,J01259,C0015,Residential,2025-08-23,2025-09-01,911.99
INV01260,J01260,C0327,Residential,2025-08-31,2025-08-31,586.09
INV01261,J01261,C0364,Property Management,2025-07-09,2025-07-29,318.45
INV01262,J01262,C0342,Commercial,2026-06-06,2026-06-15,176.72
INV01263,J01263,C0023,Commercial,2025-08-12,2025-08-12,323.27
INV01264,J01264,C0288,Residential,2025-07-02,2025-07-08,2746.85
INV01265,J01265,C0047,Property Management,2026-02-23,2026-04-08,4595.01
INV01266,J01266,C0327,Residential,2025-09-25,2025-09-29,226.2
INV01267,J01267,C0028,Property Management,2025-10-06,2025-11-16,377.24
INV01268,J01268,C0091,Residential,2025-10-05,2025-10-31,4444.05
INV01269,J01269,C0231,Residential,2026-01-03,2026-01-17,780.65
INV01270,J01270,C0178,Commercial,2025-09-18,2025-09-21,6817.64
INV01271,J01271,C0263,Residential,2026-04-09,2026-04-18,3888.2
INV01272,J01272,C0072,Residential,2026-06-03,2026-06-13,422.97
INV01273,J01273,C0005,Property Management,2025-12-13,2026-02-23,4452.5
INV01274,J01274,C0240,Residential,2025-12-31,2026-01-07,3276.3
INV01275,J01275,C0243,Residential,2026-06-21,2026-07-01,198.27
INV01276,J01276,C0391,Property Management,2025-12-01,2026-01-29,1510.39
INV01277,J01277,C0263,Residential,2026-04-30,2026-05-11,263.79
INV01278,J01278,C0340,Residential,2026-04-17,2026-04-27,353.24
INV01279,J01279,C0085,Commercial,2025-12-25,2025-12-29,109.54
INV01280,J01280,C0224,Residential,2025-10-03,2025-10-05,3704.93
INV01281,J01281,C0052,Property Management,2026-03-02,2026-03-31,424.82
INV01282,J01282,C0199,Property Management,2026-02-23,2026-04-18,3919.61
INV01283,J01283,C0202,Property Management,2026-06-11,2026-08-14,158.97
INV01284,J01284,C0189,Residential,2026-05-08,2026-05-16,368.39
INV01285,J01285,C0256,Residential,2025-08-09,2025-08-23,4252.64
INV01286,J01286,C0160,Residential,2026-02-03,2026-02-12,381.14
INV01287,J01287,C0055,Residential,2025-09-22,2025-09-29,149.9
INV01288,J01288,C0066,Residential,2025-07-07,2025-07-16,478.83
INV01289,J01289,C0156,Commercial,2026-01-22,2026-01-27,144.67
INV01290,J01290,C0365,Residential,2026-03-15,2026-03-21,434.54
INV01291,J01291,C0077,Residential,2026-03-30,2026-04-12,89.91
INV01292,J01292,C0025,Residential,2026-05-11,,109.86
INV01293,J01293,C0218,Residential,2026-05-03,2026-05-15,436.22
INV01294,J01294,C0229,Residential,2025-12-30,2026-01-09,131.53
INV01295,J01295,C0044,Residential,2026-01-19,2026-01-31,6195.92
INV01296,J01296,C0125,Property Management,2025-12-24,2026-01-26,143.91
INV01297,J01297,C0191,Commercial,2025-07-21,2025-07-21,3729.72
INV01298,J01298,C0327,Residential,2026-03-20,2026-03-28,7995.6
INV01299,J01299,C0060,Residential,2026-05-31,2026-05-31,8261.87
INV01300,J01300,C0294,Commercial,2025-11-02,2025-11-05,810.6
INV01301,J01301,C0205,Residential,2026-06-09,2026-06-20,1163.92
INV01302,J01302,C0237,Commercial,2025-09-05,2025-09-11,3417.51
INV01303,J01303,C0314,Property Management,2025-12-14,2026-02-17,4811.86
INV01304,J01304,C0286,Residential,2025-12-16,2025-12-26,90.65
INV01305,J01305,C0358,Property Management,2026-03-13,2026-05-11,4152.08
INV01306,J01306,C0177,Residential,2025-08-10,2025-09-01,81.23
INV01307,J01307,C0080,Residential,2026-02-17,2026-02-20,121.86
INV01308,J01308,C0381,Residential,2025-07-12,2025-08-03,3125.04
INV01309,J01309,C0112,Residential,2025-09-02,2025-09-15,4767.83
INV01310,J01310,C0385,Residential,2026-01-22,2026-01-31,117.53
INV01311,J01311,C0275,Residential,2026-06-06,2026-06-16,572.76
INV01312,J01312,C0205,Residential,2026-02-16,2026-02-16,329.97
INV01313,J01313,C0335,Property Management,2025-08-20,2025-09-22,143.77
INV01314,J01314,C0293,Commercial,2026-05-09,2026-05-15,7892.89
INV01315,J01315,C0012,Residential,2026-02-27,2026-03-11,7957.79
INV01316,J01316,C0371,Residential,2025-09-21,,140.6
INV01317,J01317,C0106,Residential,2025-11-28,2025-11-30,6965.61
INV01318,J01318,C0329,Residential,2025-09-29,,83.34
INV01319,J01319,C0384,Residential,2026-02-22,,3693.94
INV01320,J01320,C0367,Residential,2025-08-06,2025-08-15,159.39
INV01321,J01321,C0150,Residential,2026-02-10,2026-02-21,135.87
INV01322,J01322,C0404,Property Management,2026-03-19,2026-05-13,84.3
INV01323,J01323,C0212,Commercial,2025-08-27,2025-09-03,521.4
INV01324,J01324,C0364,Property Management,2025-12-16,2026-02-09,6449.46
INV01325,J01325,C0141,Residential,2026-02-16,2026-03-04,3404.96
INV01326,J01326,C0158,Residential,2026-01-06,2026-01-30,861.35
INV01327,J01327,C0076,Residential,2025-11-28,2025-12-12,495.87
INV01328,J01328,C0300,Residential,2026-04-25,2026-05-01,1832.58
INV01329,J01329,C0330,Residential,2026-03-02,2026-03-08,261.06
INV01330,J01330,C0247,Residential,2026-03-06,2026-03-11,271.2
INV01331,J01331,C0077,Residential,2025-12-06,2025-12-08,4758.57
INV01332,J01332,C0117,Residential,2026-02-21,2026-03-02,657.88
INV01333,J01333,C0229,Residential,2025-11-16,2025-11-30,6900.21
INV01334,J01334,C0354,Residential,2026-05-30,2026-05-30,7217.33
INV01335,J01335,C0268,Commercial,2025-10-06,2025-10-11,5316.57
INV01336,J01336,C0405,Residential,2025-08-20,2025-09-06,426.09
INV01337,J01337,C0292,Residential,2025-10-19,2025-10-29,75.72
INV01338,J01338,C0413,Commercial,2026-05-26,2026-06-07,6755.62
INV01339,J01339,C0169,Residential,2025-11-16,2025-11-28,113.05
INV01340,J01340,C0348,Commercial,2025-11-05,,592.89
INV01341,J01341,C0261,Commercial,2026-03-07,,324.6
INV01342,J01342,C0094,Residential,2026-02-12,2026-02-17,335.52
INV01343,J01343,C0351,Residential,2026-03-29,2026-04-06,97.5
INV01344,J01344,C0313,Residential,2026-01-19,2026-01-19,524.55
INV01345,J01345,C0135,Residential,2026-01-30,2026-02-04,3074.35
INV01346,J01346,C0158,Residential,2025-12-29,2026-01-07,497.71
INV01347,J01347,C0234,Residential,2026-01-26,2026-01-28,736.93
INV01348,J01348,C0165,Commercial,2025-11-28,2025-12-10,499.25
INV01349,J01349,C0055,Residential,2026-05-13,2026-05-31,80.58
INV01350,J01350,C0128,Residential,2025-07-24,2025-07-29,125.7
INV01351,J01351,C0146,Property Management,2025-11-19,2025-12-08,277.72
INV01352,J01352,C0302,Commercial,2026-01-28,2026-02-09,335.4
INV01353,J01353,C0272,Residential,2026-06-04,2026-06-04,4006.74
INV01354,J01354,C0396,Commercial,2026-06-24,2026-07-02,512.09
INV01355,J01355,C0131,Commercial,2025-12-18,2025-12-21,6580.25
INV01356,J01356,C0031,Commercial,2026-03-07,2026-03-23,955.68
INV01357,J01357,C0295,Residential,2025-12-15,2026-01-04,100.03
INV01358,J01358,C0045,Residential,2025-08-27,2025-09-17,478.44
INV01359,J01359,C0239,Residential,2026-06-16,2026-06-16,148.12
INV01360,J01360,C0271,Commercial,2026-05-28,2026-06-13,746.78
INV01361,J01361,C0200,Property Management,2025-11-28,2026-01-29,155.13
INV01362,J01362,C0395,Residential,2025-12-15,2025-12-20,136.61
INV01363,J01363,C0158,Residential,2025-10-05,2025-10-18,274.43
INV01364,J01364,C0168,Residential,2026-04-03,2026-04-04,809.39
INV01365,J01365,C0396,Commercial,2025-11-16,2025-11-23,5189.93
INV01366,J01366,C0381,Residential,2026-01-09,2026-01-19,541.33
INV01367,J01367,C0090,Property Management,2026-04-29,2026-06-05,6540.22
INV01368,J01368,C0213,Residential,2026-03-08,2026-03-16,333.69
INV01369,J01369,C0004,Commercial,2025-08-27,2025-09-07,103.5
INV01370,J01370,C0334,Residential,2025-12-06,2025-12-18,5304.17
INV01371,J01371,C0374,Residential,2026-02-27,2026-03-06,558.41
INV01372,J01372,C0391,Property Management,2025-09-18,2025-11-24,200.28
INV01373,J01373,C0215,Residential,2026-05-13,2026-05-19,111.59
INV01374,J01374,C0403,Residential,2025-10-01,2025-10-12,313.66
INV01375,J01375,C0402,Commercial,2025-11-13,2025-11-23,218.08
INV01376,J01376,C0194,Residential,2026-01-25,2026-01-27,1071.69
INV01377,J01377,C0244,Residential,2026-01-31,2026-02-05,6286.6
INV01378,J01378,C0244,Residential,2026-05-23,2026-06-05,921.87
INV01379,J01379,C0384,Residential,2025-08-19,2025-09-05,137.33
INV01380,J01380,C0381,Residential,2025-09-12,2025-09-19,3730.82
INV01381,J01381,C0364,Property Management,2025-10-03,2025-12-07,4429.68
INV01382,J01382,C0192,Commercial,2025-09-06,2025-09-06,662.84
INV01383,J01383,C0094,Residential,2026-01-14,2026-01-19,288.03
INV01384,J01384,C0097,Commercial,2026-03-04,2026-03-13,122.15
INV01385,J01385,C0226,Property Management,2026-05-15,2026-07-07,2118.11
INV01386,J01386,C0414,Commercial,2025-10-04,2025-10-13,4154.32
INV01387,J01387,C0401,Residential,2026-03-23,2026-04-02,2786.64
INV01388,J01388,C0282,Residential,2026-02-20,2026-03-09,7776.17
INV01389,J01389,C0420,Residential,2025-08-12,2025-08-28,669.45
INV01390,J01390,C0270,Residential,2025-07-09,2025-07-09,6565.24
INV01391,J01391,C0086,Property Management,2026-01-02,2026-02-21,5297.04
INV01392,J01392,C0143,Residential,2025-09-16,2025-10-05,95.41
INV01393,J01393,C0165,Commercial,2026-02-01,,85.21
INV01394,J01394,C0305,Residential,2025-12-07,2025-12-22,8571.94
INV01395,J01395,C0331,Residential,2025-11-02,2025-11-18,143.89
INV01396,J01396,C0064,Residential,2025-11-19,2025-11-19,557.51
INV01397,J01397,C0327,Residential,2025-11-19,2025-12-01,282.1
INV01398,J01398,C0064,Residential,2026-06-04,2026-06-09,115.59
INV01399,J01399,C0196,Commercial,2025-12-22,2026-01-01,4062.54
INV01400,J01400,C0116,Residential,2026-06-29,2026-07-04,114.21
INV01401,J01401,C0216,Commercial,2025-11-01,2025-11-05,79.25
INV01402,J01402,C0342,Commercial,2025-11-06,2025-11-18,785.41
INV01403,J01403,C0303,Property Management,2025-11-02,2026-02-01,107.53
INV01404,J01404,C0266,Residential,2026-05-07,2026-05-16,203.02
INV01405,J01405,C0049,Residential,2026-05-26,2026-06-02,4204.84
INV01406,J01406,C0178,Commercial,2026-02-01,2026-02-01,173.77
INV01407,J01407,C0111,Residential,2026-01-21,2026-01-30,163.27
INV01408,J01408,C0184,Residential,2025-07-15,2025-07-26,136.38
INV01409,J01409,C0358,Property Management,2025-07-25,2025-08-22,893.68
INV01410,J01410,C0386,Property Management,2026-04-07,2026-06-10,443.98
INV01411,J01411,C0157,Residential,2026-05-12,2026-05-23,3767.27
INV01412,J01412,C0136,Property Management,2025-10-04,2025-11-29,201.13
INV01413,J01413,C0009,Residential,2025-09-20,2025-10-02,237.97
INV01414,J01414,C0317,Residential,2026-04-13,2026-05-05,541.73
INV01415,J01415,C0367,Residential,2026-01-24,2026-02-09,2718.44
INV01416,J01416,C0116,Residential,2025-11-28,2025-12-12,6155.22
INV01417,J01417,C0126,Commercial,2026-03-11,2026-03-11,8100.76
INV01418,J01418,C0213,Residential,2025-07-11,2025-07-21,116.72
INV01419,J01419,C0362,Commercial,2026-01-21,2026-02-05,193.38
INV01420,J01420,C0183,Property Management,2025-10-29,2026-01-04,253.93
INV01421,J01421,C0402,Commercial,2026-04-02,2026-04-11,692.46
INV01422,J01422,C0115,Property Management,2025-10-25,2025-11-13,525.7
INV01423,J01423,C0012,Residential,2026-02-09,2026-02-18,6859.75
INV01424,J01424,C0034,Property Management,2025-09-14,2025-11-03,9228.41
INV01425,J01425,C0361,Commercial,2026-05-03,2026-05-05,132.33
INV01426,J01426,C0120,Property Management,2026-06-22,2026-07-23,3338.61
INV01427,J01427,C0313,Residential,2026-06-14,,237.08
INV01428,J01428,C0376,Residential,2025-08-02,2025-08-16,114.5
INV01429,J01429,C0170,Property Management,2025-07-16,2025-09-13,81.68
INV01430,J01430,C0071,Commercial,2026-01-25,2026-02-09,199.99
INV01431,J01431,C0095,Property Management,2025-11-07,2025-12-31,94.54
INV01432,J01432,C0132,Property Management,2026-02-17,2026-04-09,3622.4
INV01433,J01433,C0007,Residential,2025-09-25,2025-09-28,199.25
INV01434,J01434,C0256,Residential,2025-09-27,,4218.01
INV01435,J01435,C0091,Residential,2026-05-04,2026-05-17,824.01
INV01436,J01436,C0020,Residential,2026-02-13,2026-02-27,1460.91
INV01437,J01437,C0303,Property Management,2025-08-25,2025-09-13,562.94
INV01438,J01438,C0200,Property Management,2025-12-20,,133.8
INV01439,J01439,C0097,Commercial,2025-09-11,2025-09-18,7646.7
INV01440,J01440,C0047,Property Management,2026-06-03,2026-07-21,7481.08
INV01441,J01441,C0165,Commercial,2026-01-18,2026-02-03,3958.66
INV01442,J01442,C0013,Residential,2026-01-10,2026-01-29,6447.44
INV01443,J01443,C0022,Residential,2025-11-25,2025-11-25,167.73
INV01444,J01444,C0015,Residential,2025-12-08,2025-12-08,197.25
INV01445,J01445,C0190,Residential,2026-02-08,2026-02-19,534.19
INV01446,J01446,C0366,Commercial,2025-10-22,2025-11-02,342.53
INV01447,J01447,C0003,Residential,2025-10-14,2025-10-17,8926.37
INV01448,J01448,C0206,Residential,2026-01-16,2026-01-27,3450.64
INV01449,J01449,C0335,Property Management,2026-02-02,2026-04-24,3788.91
INV01450,J01450,C0130,Commercial,2025-11-20,2025-11-29,6560.73
INV01451,J01451,C0327,Residential,2026-06-05,2026-06-12,3840.53
INV01452,J01452,C0146,Property Management,2025-09-24,2025-11-03,3247.9
INV01453,J01453,C0255,Property Management,2025-10-12,2025-12-03,4704.73
INV01454,J01454,C0043,Residential,2025-07-20,2025-07-28,188.89
INV01455,J01455,C0394,Residential,2025-09-12,2025-09-18,78.08
INV01456,J01456,C0008,Residential,2025-12-10,2025-12-29,759.66
INV01457,J01457,C0195,Residential,2026-05-26,2026-06-07,252.1
INV01458,J01458,C0036,Residential,2026-02-10,2026-02-18,1008.2
INV01459,J01459,C0266,Residential,2025-08-27,2025-09-23,6705.64
INV01460,J01460,C0004,Commercial,2025-09-12,2025-09-25,5787.28
INV01461,J01461,C0280,Residential,2025-10-23,2025-10-23,348.24
INV01462,J01462,C0384,Residential,2026-05-12,2026-05-17,120.13
INV01463,J01463,C0275,Residential,2026-03-03,2026-03-22,637.31
INV01464,J01464,C0189,Residential,2026-01-15,2026-01-25,3798.02
INV01465,J01465,C0065,Property Management,2026-04-04,2026-05-07,7904.76
INV01466,J01466,C0238,Residential,2026-02-17,2026-03-01,102.27
INV01467,J01467,C0100,Residential,2025-10-20,2025-11-02,8508.83
INV01468,J01468,C0110,Residential,2026-01-26,2026-02-01,474.98
INV01469,J01469,C0103,Residential,2026-05-16,2026-05-28,117.45
INV01470,J01470,C0356,Property Management,2025-10-01,2025-12-05,90.48
INV01471,J01471,C0401,Residential,2025-09-18,2025-10-05,193.91
INV01472,J01472,C0391,Property Management,2026-03-07,,628.63
INV01473,J01473,C0028,Property Management,2025-08-13,2025-10-16,217.52
INV01474,J01474,C0320,Residential,2025-12-05,2025-12-12,8955.47
INV01475,J01475,C0411,Residential,2025-11-26,2025-12-13,3317.1
INV01476,J01476,C0288,Residential,2026-05-13,2026-05-19,161.35
INV01477,J01477,C0050,Property Management,2025-08-28,2025-11-07,572.95
INV01478,J01478,C0300,Residential,2025-07-11,2025-07-29,600.34
INV01479,J01479,C0190,Residential,2025-12-24,2025-12-24,248.22
INV01480,J01480,C0150,Residential,2026-06-08,2026-06-08,7183.89
INV01481,J01481,C0187,Property Management,2025-07-09,2025-09-12,200.51
INV01482,J01482,C0027,Property Management,2026-03-08,,654.58
INV01483,J01483,C0171,Property Management,2025-11-17,2026-01-31,116.35
INV01484,J01484,C0103,Residential,2025-07-10,2025-07-13,4242.24
INV01485,J01485,C0402,Commercial,2025-12-19,2025-12-30,497.16
INV01486,J01486,C0137,Residential,2025-10-07,2025-10-11,81.25
INV01487,J01487,C0416,Property Management,2026-03-18,2026-05-08,4271.15
INV01488,J01488,C0039,Property Management,2026-04-19,2026-06-17,3254.01
INV01489,J01489,C0403,Residential,2025-09-18,2025-09-29,124.87
INV01490,J01490,C0368,Property Management,2025-08-11,2025-09-17,674.72
INV01491,J01491,C0321,Residential,2025-08-10,2025-08-17,158.34
INV01492,J01492,C0375,Property Management,2025-10-04,2025-11-17,125.71
INV01493,J01493,C0074,Property Management,2025-09-29,2025-11-30,8117.79
INV01494,J01494,C0388,Property Management,2025-10-05,2025-11-20,695.83
INV01495,J01495,C0219,Commercial,2026-03-17,2026-03-20,2477.56
INV01496,J01496,C0387,Residential,2026-06-15,2026-07-03,2235.41
INV01497,J01497,C0007,Residential,2026-02-06,2026-02-10,9363.01
INV01498,J01498,C0135,Residential,2026-06-23,2026-07-02,7862.89
INV01499,J01499,C0280,Residential,2025-12-01,2025-12-13,149.93
INV01500,J01500,C0408,Property Management,2026-02-24,2026-04-02,138.49
INV01501,J01501,C0013,Residential,2025-09-11,2025-09-18,203.41
INV01502,J01502,C0406,Commercial,2026-01-04,2026-01-17,1341.59
INV01503,J01503,C0173,Residential,2026-02-27,2026-03-10,282.83
INV01504,J01504,C0250,Residential,2025-11-20,,6598.22
INV01505,J01505,C0055,Residential,2026-06-06,2026-06-08,216.27
INV01506,J01506,C0007,Residential,2025-10-19,2025-10-30,214.35
INV01507,J01507,C0067,Property Management,2026-05-10,2026-06-12,6677.82
INV01508,J01508,C0010,Property Management,2026-04-16,2026-05-27,108.53
INV01509,J01509,C0285,Property Management,2025-12-08,2026-01-26,100.56
INV01510,J01510,C0313,Residential,2026-05-20,2026-05-31,4527.3
INV01511,J01511,C0385,Residential,2026-03-19,2026-03-28,4390.13
INV01512,J01512,C0200,Property Management,2025-11-14,2025-12-11,8164.6
INV01513,J01513,C0115,Property Management,2025-07-31,2025-09-17,122.48
INV01514,J01514,C0161,Residential,2025-11-17,2025-11-28,623.34
INV01515,J01515,C0376,Residential,2026-05-02,2026-05-09,3863.38
INV01516,J01516,C0153,Residential,2026-01-09,2026-01-09,123.19
INV01517,J01517,C0398,Residential,2025-08-10,2025-08-15,836.86
INV01518,J01518,C0234,Residential,2025-12-08,2025-12-17,5155.7
INV01519,J01519,C0168,Residential,2025-07-09,2025-07-21,6815.45
INV01520,J01520,C0203,Residential,2026-05-18,2026-05-27,112.32
INV01521,J01521,C0029,Commercial,2026-04-18,2026-04-19,1022.11
INV01522,J01522,C0387,Residential,2025-09-22,2025-10-09,5217.77
INV01523,J01523,C0214,Residential,2026-01-22,2026-02-10,627.05
INV01524,J01524,C0123,Residential,2025-08-29,2025-09-06,1952.59
INV01525,J01525,C0113,Residential,2026-03-03,2026-03-13,1320.48
INV01526,J01526,C0262,Property Management,2026-05-21,2026-07-31,189.29
INV01527,J01527,C0019,Commercial,2025-07-21,2025-08-02,4369.49
INV01528,J01528,C0109,Commercial,2026-01-05,2026-01-14,259.17
INV01529,J01529,C0104,Residential,2026-01-08,2026-01-20,187.8
INV01530,J01530,C0015,Residential,2026-05-30,2026-06-02,3002.97
INV01531,J01531,C0412,Property Management,2025-08-27,2025-10-23,500.17
INV01532,J01532,C0419,Property Management,2026-06-19,2026-08-17,4898.88
INV01533,J01533,C0013,Residential,2025-11-07,2025-11-16,4935.45
INV01534,J01534,C0201,Property Management,2026-01-15,2026-02-24,621.27
INV01535,J01535,C0316,Residential,2026-06-07,2026-06-19,3800.66
INV01536,J01536,C0228,Residential,2025-11-18,2025-11-24,576.83
INV01537,J01537,C0144,Residential,2026-02-02,2026-02-16,492.24
INV01538,J01538,C0062,Residential,2025-11-12,,143.96
INV01539,J01539,C0058,Property Management,2026-03-01,2026-04-16,224.77
INV01540,J01540,C0246,Residential,2025-11-16,2025-11-20,354.71
INV01541,J01541,C0090,Property Management,2026-02-07,2026-04-28,147.97
INV01542,J01542,C0104,Residential,2025-11-21,2025-12-04,3965.24
INV01543,J01543,C0289,Residential,2026-02-15,2026-02-21,802.85
INV01544,J01544,C0046,Commercial,2025-07-25,2025-07-25,3414.73
INV01545,J01545,C0377,Residential,2026-01-07,2026-01-21,512.44
INV01546,J01546,C0346,Property Management,2025-11-27,2026-02-05,461.98
INV01547,J01547,C0231,Residential,2025-12-18,2025-12-25,727.59
INV01548,J01548,C0175,Residential,2026-05-17,2026-05-17,460.91
INV01549,J01549,C0215,Residential,2025-10-14,2025-10-22,204.37
INV01550,J01550,C0351,Residential,2025-11-08,2025-11-15,549.07
INV01551,J01551,C0337,Residential,2026-04-07,2026-04-10,196.34
INV01552,J01552,C0080,Residential,2025-08-24,2025-09-01,7872.36
INV01553,J01553,C0074,Property Management,2026-03-16,2026-04-30,8995.06
